Time (s),Wheel Speed (rad/s)
1,-100.0
2,-200.0
3,-300.0
4,-400.0
5,-500.0
6,-400.0
7,-300.0
8,-200.0
9,-100.0
10,0.0
11,100.0
12,200.0
13,300.0
14,400.0
15,500.0
16,400.0
17,300.0
18,200.0
19,100.0
20,0.0
21,100.0
22,200.0
23,300.0
24,400.0
25,500.0
26,400.0
27,300.0
28,200.0
29,100.0
30,0.0
31,-100.0
32,-200.0
33,-300.0
34,-400.0
35,-500.0
36,-400.0
37,-300.0
38,-200.0
39,-100.0
40,0.0
41,-100.0
42,-200.0
43,-300.0
44,-400.0
45,-500.0
46,-400.0
47,-300.0
48,-200.0
49,-100.0
50,0.0
51,-100.0
52,-200.0
53,-300.0
54,-400.0
55,-500.0
56,-400.0
57,-300.0
58,-200.0
59,-100.0
60,0.0
61,-100.0
62,-200.0
63,-300.0
64,-400.0
65,-500.0
66,-400.0
67,-300.0
68,-200.0
69,-100.0
70,0.0
71,-100.0
72,-200.0
73,-300.0
74,-400.0
75,-500.0
76,-400.0
77,-300.0
78,-200.0
79,-100.0
80,0.0
81,100.0
82,200.0
83,300.0
84,400.0
85,500.0
86,400.0
87,300.0
88,200.0
89,100.0
90,0.0
91,100.0
92,200.0
93,300.0
94,400.0
95,500.0
96,400.0
97,300.0
98,200.0
99,100.0
100,0.0
101,100.0
102,200.0
103,300.0
104,400.0
105,500.0
106,400.0
107,300.0
108,200.0
109,100.0
110,0.0
111,-100.0
112,-200.0
113,-300.0
114,-400.0
115,-500.0
116,-400.0
117,-300.0
118,-200.0
119,-100.0
120,0.0
121,100.0
122,200.0
123,300.0
124,400.0
125,500.0
126,400.0
127,300.0
128,200.0
129,100.0
130,0.0
131,100.0
132,200.0
133,300.0
134,400.0
135,500.0
136,400.0
137,300.0
138,200.0
139,100.0
140,0.0
141,100.0
142,200.0
143,300.0
144,400.0
145,500.0
146,400.0
147,300.0
148,200.0
149,100.0
150,0.0
151,-100.0
152,-200.0
153,-300.0
154,-400.0
155,-500.0
156,-400.0
157,-300.0
158,-200.0
159,-100.0
160,0.0
161,100.0
162,200.0
163,300.0
164,400.0
165,500.0
166,400.0
167,300.0
168,200.0
169,100.0
170,0.0
171,-100.0
172,-200.0
173,-300.0
174,-400.0
175,-500.0
176,-400.0
177,-300.0
178,-200.0
179,-100.0
180,0.0
181,-100.0
182,-200.0
183,-300.0
184,-400.0
185,-500.0
186,-400.0
187,-300.0
188,-200.0
189,-100.0
190,0.0
191,100.0
192,200.0
193,300.0
194,400.0
195,500.0
196,400.0
197,300.0
198,200.0
199,100.0
200,0.0
201,100.0
202,200.0
203,300.0
204,400.0
205,500.0
206,400.0
207,300.0
208,200.0
209,100.0
210,0.0
211,100.0
212,200.0
213,300.0
214,400.0
215,500.0
216,400.0
217,300.0
218,200.0
219,100.0
220,0.0
221,100.0
222,200.0
223,300.0
224,400.0
225,500.0
226,400.0
227,300.0
228,200.0
229,100.0
230,0.0
231,100.0
232,200.0
233,300.0
234,400.0
235,500.0
236,400.0
237,300.0
238,200.0
239,100.0
240,0.0
241,-100.0
242,-200.0
243,-300.0
244,-400.0
245,-500.0
246,-400.0
247,-300.0
248,-200.0
249,-100.0
250,0.0
251,100.0
252,200.0
253,300.0
254,400.0
255,500.0
256,400.0
257,300.0
258,200.0
259,100.0
260,0.0
261,100.0
262,200.0
263,300.0
264,400.0
265,500.0
266,400.0
267,300.0
268,200.0
269,100.0
270,0.0
271,-100.0
272,-200.0
273,-300.0
274,-400.0
275,-500.0
276,-400.0
277,-300.0
278,-200.0
279,-100.0
280,0.0
281,100.0
282,200.0
283,300.0
284,400.0
285,500.0
286,400.0
287,300.0
288,200.0
289,100.0
290,0.0
291,-100.0
292,-200.0
293,-300.0
294,-400.0
295,-500.0
296,-400.0
297,-300.0
298,-200.0
299,-100.0
300,0.0
301,-100.0
302,-200.0
303,-300.0
304,-400.0
305,-500.0
306,-400.0
307,-300.0
308,-200.0
309,-100.0
310,0.0
311,100.0
312,200.0
313,300.0
314,400.0
315,500.0
316,400.0
317,300.0
318,200.0
319,100.0
320,0.0
321,100.0
322,200.0
323,300.0
324,400.0
325,500.0
326,400.0
327,300.0
328,200.0
329,100.0
330,0.0
331,-100.0
332,-200.0
333,-300.0
334,-400.0
335,-500.0
336,-400.0
337,-300.0
338,-200.0
339,-100.0
340,0.0
341,-100.0
342,-200.0
343,-300.0
344,-400.0
345,-500.0
346,-400.0
347,-300.0
348,-200.0
349,-100.0
350,0.0
351,-100.0
352,-200.0
353,-300.0
354,-400.0
355,-500.0
356,-400.0
357,-300.0
358,-200.0
359,-100.0
360,0.0
361,100.0
362,200.0
363,300.0
364,400.0
365,500.0
366,400.0
367,300.0
368,200.0
369,100.0
370,0.0
371,100.0
372,200.0
373,300.0
374,400.0
375,500.0
376,400.0
377,300.0
378,200.0
379,100.0
380,0.0
381,-100.0
382,-200.0
383,-300.0
384,-400.0
385,-500.0
386,-400.0
387,-300.0
388,-200.0
389,-100.0
390,0.0
391,-100.0
392,-200.0
393,-300.0
394,-400.0
395,-500.0
396,-400.0
397,-300.0
398,-200.0
399,-100.0
400,0.0
401,100.0
402,200.0
403,300.0
404,400.0
405,500.0
406,400.0
407,300.0
408,200.0
409,100.0
410,0.0
411,100.0
412,200.0
413,300.0
414,400.0
415,500.0
416,400.0
417,300.0
418,200.0
419,100.0
420,0.0
421,100.0
422,200.0
423,300.0
424,400.0
425,500.0
426,400.0
427,300.0
428,200.0
429,100.0
430,0.0
431,-100.0
432,-200.0
433,-300.0
434,-400.0
435,-500.0
436,-400.0
437,-300.0
438,-200.0
439,-100.0
440,0.0
441,-100.0
442,-200.0
443,-300.0
444,-400.0
445,-500.0
446,-400.0
447,-300.0
448,-200.0
449,-100.0
450,0.0
451,-100.0
452,-200.0
453,-300.0
454,-400.0
455,-500.0
456,-400.0
457,-300.0
458,-200.0
459,-100.0
460,0.0
461,-100.0
462,-200.0
463,-300.0
464,-400.0
465,-500.0
466,-400.0
467,-300.0
468,-200.0
469,-100.0
470,0.0
471,-100.0
472,-200.0
473,-300.0
474,-400.0
475,-500.0
476,-400.0
477,-300.0
478,-200.0
479,-100.0
480,0.0
481,-100.0
482,-200.0
483,-300.0
484,-400.0
485,-500.0
486,-400.0
487,-300.0
488,-200.0
489,-100.0
490,0.0
491,100.0
492,200.0
493,300.0
494,400.0
495,500.0
496,400.0
497,300.0
498,200.0
499,100.0
500,0.0
501,-100.0
502,-200.0
503,-300.0
504,-400.0
505,-500.0
506,-400.0
507,-300.0
508,-200.0
509,-100.0
510,0.0
511,-100.0
512,-200.0
513,-300.0
514,-400.0
515,-500.0
516,-400.0
517,-300.0
518,-200.0
519,-100.0
520,0.0
521,-100.0
522,-200.0
523,-300.0
524,-400.0
525,-500.0
526,-400.0
527,-300.0
528,-200.0
529,-100.0
530,0.0
531,100.0
532,200.0
533,300.0
534,400.0
535,500.0
536,400.0
537,300.0
538,200.0
539,100.0
540,0.0
541,-100.0
542,-200.0
543,-300.0
544,-400.0
545,-500.0
546,-400.0
547,-300.0
548,-200.0
549,-100.0
550,0.0
551,100.0
552,200.0
553,300.0
554,400.0
555,500.0
556,400.0
557,300.0
558,200.0
559,100.0
560,0.0
561,100.0
562,200.0
563,300.0
564,400.0
565,500.0
566,400.0
567,300.0
568,200.0
569,100.0
570,0.0
571,100.0
572,200.0
573,300.0
574,400.0
575,500.0
576,400.0
577,300.0
578,200.0
579,100.0
580,0.0
581,100.0
582,200.0
583,300.0
584,400.0
585,500.0
586,400.0
587,300.0
588,200.0
589,100.0
590,0.0
591,-100.0
592,-200.0
593,-300.0
594,-400.0
595,-500.0
596,-400.0
597,-300.0
598,-200.0
599,-100.0
600,0.0
601,100.0
602,200.0
603,300.0
604,400.0
605,500.0
606,400.0
607,300.0
608,200.0
609,100.0
610,0.0
611,-100.0
612,-200.0
613,-300.0
614,-400.0
615,-500.0
616,-400.0
617,-300.0
618,-200.0
619,-100.0
620,0.0
621,100.0
622,200.0
623,300.0
624,400.0
625,500.0
626,400.0
627,300.0
628,200.0
629,100.0
630,0.0
631,-100.0
632,-200.0
633,-300.0
634,-400.0
635,-500.0
636,-400.0
637,-300.0
638,-200.0
639,-100.0
640,0.0
641,100.0
642,200.0
643,300.0
644,400.0
645,500.0
646,400.0
647,300.0
648,200.0
649,100.0
650,0.0
651,100.0
652,200.0
653,300.0
654,400.0
655,500.0
656,400.0
657,300.0
658,200.0
659,100.0
660,0.0
661,-100.0
662,-200.0
663,-300.0
664,-400.0
665,-500.0
666,-400.0
667,-300.0
668,-200.0
669,-100.0
670,0.0
671,-100.0
672,-200.0
673,-300.0
674,-400.0
675,-500.0
676,-400.0
677,-300.0
678,-200.0
679,-100.0
680,0.0
681,100.0
682,200.0
683,300.0
684,400.0
685,500.0
686,400.0
687,300.0
688,200.0
689,100.0
690,0.0
691,-100.0
692,-200.0
693,-300.0
694,-400.0
695,-500.0
696,-400.0
697,-300.0
698,-200.0
699,-100.0
700,0.0
701,-100.0
702,-200.0
703,-300.0
704,-400.0
705,-500.0
706,-400.0
707,-300.0
708,-200.0
709,-100.0
710,0.0
711,100.0
712,200.0
713,300.0
714,400.0
715,500.0
716,400.0
717,300.0
718,200.0
719,100.0
720,0.0
721,-100.0
722,-200.0
723,-300.0
724,-400.0
725,-500.0
726,-400.0
727,-300.0
728,-200.0
729,-100.0
730,0.0
731,-100.0
732,-200.0
733,-300.0
734,-400.0
735,-500.0
736,-400.0
737,-300.0
738,-200.0
739,-100.0
740,0.0
741,100.0
742,200.0
743,300.0
744,400.0
745,500.0
746,400.0
747,300.0
748,200.0
749,100.0
750,0.0
751,-100.0
752,-200.0
753,-300.0
754,-400.0
755,-500.0
756,-400.0
757,-300.0
758,-200.0
759,-100.0
760,0.0
761,-100.0
762,-200.0
763,-300.0
764,-400.0
765,-500.0
766,-400.0
767,-300.0
768,-200.0
769,-100.0
770,0.0
771,100.0
772,200.0
773,300.0
774,400.0
775,500.0
776,400.0
777,300.0
778,200.0
779,100.0
780,0.0
781,-100.0
782,-200.0
783,-300.0
784,-400.0
785,-500.0
786,-400.0
787,-300.0
788,-200.0
789,-100.0
790,0.0
791,-100.0
792,-200.0
793,-300.0
794,-400.0
795,-500.0
796,-400.0
797,-300.0
798,-200.0
799,-100.0
800,0.0
801,-100.0
802,-200.0
803,-300.0
804,-400.0
805,-500.0
806,-400.0
807,-300.0
808,-200.0
809,-100.0
810,0.0
811,-100.0
812,-200.0
813,-300.0
814,-400.0
815,-500.0
816,-400.0
817,-300.0
818,-200.0
819,-100.0
820,0.0
821,100.0
822,200.0
823,300.0
824,400.0
825,500.0
826,400.0
827,300.0
828,200.0
829,100.0
830,0.0
831,-100.0
832,-200.0
833,-300.0
834,-400.0
835,-500.0
836,-400.0
837,-300.0
838,-200.0
839,-100.0
840,0.0
841,100.0
842,200.0
843,300.0
844,400.0
845,500.0
846,400.0
847,300.0
848,200.0
849,100.0
850,0.0
851,-100.0
852,-200.0
853,-300.0
854,-400.0
855,-500.0
856,-400.0
857,-300.0
858,-200.0
859,-100.0
860,0.0
861,100.0
862,200.0
863,300.0
864,400.0
865,500.0
866,400.0
867,300.0
868,200.0
869,100.0
870,0.0
871,100.0
872,200.0
873,300.0
874,400.0
875,500.0
876,400.0
877,300.0
878,200.0
879,100.0
880,0.0
881,-100.0
882,-200.0
883,-300.0
884,-400.0
885,-500.0
886,-400.0
887,-300.0
888,-200.0
889,-100.0
890,0.0
891,-100.0
892,-200.0
893,-300.0
894,-400.0
895,-500.0
896,-400.0
897,-300.0
898,-200.0
899,-100.0
900,0.0
901,100.0
902,200.0
903,300.0
904,400.0
905,500.0
906,400.0
907,300.0
908,200.0
909,100.0
910,0.0
911,-100.0
912,-200.0
913,-300.0
914,-400.0
915,-500.0
916,-400.0
917,-300.0
918,-200.0
919,-100.0
920,0.0
921,100.0
922,200.0
923,300.0
924,400.0
925,500.0
926,400.0
927,300.0
928,200.0
929,100.0
930,0.0
931,-100.0
932,-200.0
933,-300.0
934,-400.0
935,-500.0
936,-400.0
937,-300.0
938,-200.0
939,-100.0
940,0.0
941,-100.0
942,-200.0
943,-300.0
944,-400.0
945,-500.0
946,-400.0
947,-300.0
948,-200.0
949,-100.0
950,0.0
951,-100.0
952,-200.0
953,-300.0
954,-400.0
955,-500.0
956,-400.0
957,-300.0
958,-200.0
959,-100.0
960,0.0
961,100.0
962,200.0
963,300.0
964,400.0
965,500.0
966,400.0
967,300.0
968,200.0
969,100.0
970,0.0
971,100.0
972,200.0
973,300.0
974,400.0
975,500.0
976,400.0
977,300.0
978,200.0
979,100.0
980,0.0
981,-100.0
982,-200.0
983,-300.0
984,-400.0
985,-500.0
986,-400.0
987,-300.0
988,-200.0
989,-100.0
990,0.0
991,100.0
992,200.0
993,300.0
994,400.0
995,500.0
996,400.0
997,300.0
998,200.0
999,100.0
1000,0.0
1001,100.0
1002,200.0
1003,300.0
1004,400.0
1005,500.0
1006,400.0
1007,300.0
1008,200.0
1009,100.0
1010,0.0
1011,-100.0
1012,-200.0
1013,-300.0
1014,-400.0
1015,-500.0
1016,-400.0
1017,-300.0
1018,-200.0
1019,-100.0
1020,0.0
1021,100.0
1022,200.0
1023,300.0
1024,400.0
1025,500.0
1026,400.0
1027,300.0
1028,200.0
1029,100.0
1030,0.0
1031,100.0
1032,200.0
1033,300.0
1034,400.0
1035,500.0
1036,400.0
1037,300.0
1038,200.0
1039,100.0
1040,0.0
1041,-100.0
1042,-200.0
1043,-300.0
1044,-400.0
1045,-500.0
1046,-400.0
1047,-300.0
1048,-200.0
1049,-100.0
1050,0.0
1051,-100.0
1052,-200.0
1053,-300.0
1054,-400.0
1055,-500.0
1056,-400.0
1057,-300.0
1058,-200.0
1059,-100.0
1060,0.0
1061,100.0
1062,200.0
1063,300.0
1064,400.0
1065,500.0
1066,400.0
1067,300.0
1068,200.0
1069,100.0
1070,0.0
1071,-100.0
1072,-200.0
1073,-300.0
1074,-400.0
1075,-500.0
1076,-400.0
1077,-300.0
1078,-200.0
1079,-100.0
1080,0.0
1081,100.0
1082,200.0
1083,300.0
1084,400.0
1085,500.0
1086,400.0
1087,300.0
1088,200.0
1089,100.0
1090,0.0
1091,-100.0
1092,-200.0
1093,-300.0
1094,-400.0
1095,-500.0
1096,-400.0
1097,-300.0
1098,-200.0
1099,-100.0
1100,0.0
1101,100.0
1102,200.0
1103,300.0
1104,400.0
1105,500.0
1106,400.0
1107,300.0
1108,200.0
1109,100.0
1110,0.0
1111,100.0
1112,200.0
1113,300.0
1114,400.0
1115,500.0
1116,400.0
1117,300.0
1118,200.0
1119,100.0
1120,0.0
1121,100.0
1122,200.0
1123,300.0
1124,400.0
1125,500.0
1126,400.0
1127,300.0
1128,200.0
1129,100.0
1130,0.0
1131,100.0
1132,200.0
1133,300.0
1134,400.0
1135,500.0
1136,400.0
1137,300.0
1138,200.0
1139,100.0
1140,0.0
1141,100.0
1142,200.0
1143,300.0
1144,400.0
1145,500.0
1146,400.0
1147,300.0
1148,200.0
1149,100.0
1150,0.0
1151,100.0
1152,200.0
1153,300.0
1154,400.0
1155,500.0
1156,400.0
1157,300.0
1158,200.0
1159,100.0
1160,0.0
1161,-100.0
1162,-200.0
1163,-300.0
1164,-400.0
1165,-500.0
1166,-400.0
1167,-300.0
1168,-200.0
1169,-100.0
1170,0.0
1171,100.0
1172,200.0
1173,300.0
1174,400.0
1175,500.0
1176,400.0
1177,300.0
1178,200.0
1179,100.0
1180,0.0
1181,-100.0
1182,-200.0
1183,-300.0
1184,-400.0
1185,-500.0
1186,-400.0
1187,-300.0
1188,-200.0
1189,-100.0
1190,0.0
1191,100.0
1192,200.0
1193,300.0
1194,400.0
1195,500.0
1196,400.0
1197,300.0
1198,200.0
1199,100.0
1200,0.0
1201,-100.0
1202,-200.0
1203,-300.0
1204,-400.0
1205,-500.0
1206,-400.0
1207,-300.0
1208,-200.0
1209,-100.0
1210,0.0
1211,-100.0
1212,-200.0
1213,-300.0
1214,-400.0
1215,-500.0
1216,-400.0
1217,-300.0
1218,-200.0
1219,-100.0
1220,0.0
1221,-100.0
1222,-200.0
1223,-300.0
1224,-400.0
1225,-500.0
1226,-400.0
1227,-300.0
1228,-200.0
1229,-100.0
1230,0.0
1231,-100.0
1232,-200.0
1233,-300.0
1234,-400.0
1235,-500.0
1236,-400.0
1237,-300.0
1238,-200.0
1239,-100.0
1240,0.0
1241,100.0
1242,200.0
1243,300.0
1244,400.0
1245,500.0
1246,400.0
1247,300.0
1248,200.0
1249,100.0
1250,0.0
1251,-100.0
1252,-200.0
1253,-300.0
1254,-400.0
1255,-500.0
1256,-400.0
1257,-300.0
1258,-200.0
1259,-100.0
1260,0.0
1261,-100.0
1262,-200.0
1263,-300.0
1264,-400.0
1265,-500.0
1266,-400.0
1267,-300.0
1268,-200.0
1269,-100.0
1270,0.0
1271,-100.0
1272,-200.0
1273,-300.0
1274,-400.0
1275,-500.0
1276,-400.0
1277,-300.0
1278,-200.0
1279,-100.0
1280,0.0
1281,-100.0
1282,-200.0
1283,-300.0
1284,-400.0
1285,-500.0
1286,-400.0
1287,-300.0
1288,-200.0
1289,-100.0
1290,0.0
1291,-100.0
1292,-200.0
1293,-300.0
1294,-400.0
1295,-500.0
1296,-400.0
1297,-300.0
1298,-200.0
1299,-100.0
1300,0.0
1301,-100.0
1302,-200.0
1303,-300.0
1304,-400.0
1305,-500.0
1306,-400.0
1307,-300.0
1308,-200.0
1309,-100.0
1310,0.0
1311,100.0
1312,200.0
1313,300.0
1314,400.0
1315,500.0
1316,400.0
1317,300.0
1318,200.0
1319,100.0
1320,0.0
1321,-100.0
1322,-200.0
1323,-300.0
1324,-400.0
1325,-500.0
1326,-400.0
1327,-300.0
1328,-200.0
1329,-100.0
1330,0.0
1331,100.0
1332,200.0
1333,300.0
1334,400.0
1335,500.0
1336,400.0
1337,300.0
1338,200.0
1339,100.0
1340,0.0
1341,-100.0
1342,-200.0
1343,-300.0
1344,-400.0
1345,-500.0
1346,-400.0
1347,-300.0
1348,-200.0
1349,-100.0
1350,0.0
1351,100.0
1352,200.0
1353,300.0
1354,400.0
1355,500.0
1356,400.0
1357,300.0
1358,200.0
1359,100.0
1360,0.0
1361,-100.0
1362,-200.0
1363,-300.0
1364,-400.0
1365,-500.0
1366,-400.0
1367,-300.0
1368,-200.0
1369,-100.0
1370,0.0
1371,-100.0
1372,-200.0
1373,-300.0
1374,-400.0
1375,-500.0
1376,-400.0
1377,-300.0
1378,-200.0
1379,-100.0
1380,0.0
1381,-100.0
1382,-200.0
1383,-300.0
1384,-400.0
1385,-500.0
1386,-400.0
1387,-300.0
1388,-200.0
1389,-100.0
1390,0.0
1391,-100.0
1392,-200.0
1393,-300.0
1394,-400.0
1395,-500.0
1396,-400.0
1397,-300.0
1398,-200.0
1399,-100.0
1400,0.0
1401,-100.0
1402,-200.0
1403,-300.0
1404,-400.0
1405,-500.0
1406,-400.0
1407,-300.0
1408,-200.0
1409,-100.0
1410,0.0
1411,-100.0
1412,-200.0
1413,-300.0
1414,-400.0
1415,-500.0
1416,-400.0
1417,-300.0
1418,-200.0
1419,-100.0
1420,0.0
1421,-100.0
1422,-200.0
1423,-300.0
1424,-400.0
1425,-500.0
1426,-400.0
1427,-300.0
1428,-200.0
1429,-100.0
1430,0.0
1431,-100.0
1432,-200.0
1433,-300.0
1434,-400.0
1435,-500.0
1436,-400.0
1437,-300.0
1438,-200.0
1439,-100.0
1440,0.0
1441,100.0
1442,200.0
1443,300.0
1444,400.0
1445,500.0
1446,400.0
1447,300.0
1448,200.0
1449,100.0
1450,0.0
1451,-100.0
1452,-200.0
1453,-300.0
1454,-400.0
1455,-500.0
1456,-400.0
1457,-300.0
1458,-200.0
1459,-100.0
1460,0.0
1461,100.0
1462,200.0
1463,300.0
1464,400.0
1465,500.0
1466,400.0
1467,300.0
1468,200.0
1469,100.0
1470,0.0
1471,-100.0
1472,-200.0
1473,-300.0
1474,-400.0
1475,-500.0
1476,-400.0
1477,-300.0
1478,-200.0
1479,-100.0
1480,0.0
1481,-100.0
1482,-200.0
1483,-300.0
1484,-400.0
1485,-500.0
1486,-400.0
1487,-300.0
1488,-200.0
1489,-100.0
1490,0.0
1491,-100.0
1492,-200.0
1493,-300.0
1494,-400.0
1495,-500.0
1496,-400.0
1497,-300.0
1498,-200.0
1499,-100.0
1500,0.0
1501,100.0
1502,200.0
1503,300.0
1504,400.0
1505,500.0
1506,400.0
1507,300.0
1508,200.0
1509,100.0
1510,0.0
1511,100.0
1512,200.0
1513,300.0
1514,400.0
1515,500.0
1516,400.0
1517,300.0
1518,200.0
1519,100.0
1520,0.0
1521,100.0
1522,200.0
1523,300.0
1524,400.0
1525,500.0
1526,400.0
1527,300.0
1528,200.0
1529,100.0
1530,0.0
1531,-100.0
1532,-200.0
1533,-300.0
1534,-400.0
1535,-500.0
1536,-400.0
1537,-300.0
1538,-200.0
1539,-100.0
1540,0.0
1541,-100.0
1542,-200.0
1543,-300.0
1544,-400.0
1545,-500.0
1546,-400.0
1547,-300.0
1548,-200.0
1549,-100.0
1550,0.0
1551,100.0
1552,200.0
1553,300.0
1554,400.0
1555,500.0
1556,400.0
1557,300.0
1558,200.0
1559,100.0
1560,0.0
1561,100.0
1562,200.0
1563,300.0
1564,400.0
1565,500.0
1566,400.0
1567,300.0
1568,200.0
1569,100.0
1570,0.0
1571,100.0
1572,200.0
1573,300.0
1574,400.0
1575,500.0
1576,400.0
1577,300.0
1578,200.0
1579,100.0
1580,0.0
1581,-100.0
1582,-200.0
1583,-300.0
1584,-400.0
1585,-500.0
1586,-400.0
1587,-300.0
1588,-200.0
1589,-100.0
1590,0.0
1591,-100.0
1592,-200.0
1593,-300.0
1594,-400.0
1595,-500.0
1596,-400.0
1597,-300.0
1598,-200.0
1599,-100.0
1600,0.0
1601,-100.0
1602,-200.0
1603,-300.0
1604,-400.0
1605,-500.0
1606,-400.0
1607,-300.0
1608,-200.0
1609,-100.0
1610,0.0
1611,-100.0
1612,-200.0
1613,-300.0
1614,-400.0
1615,-500.0
1616,-400.0
1617,-300.0
1618,-200.0
1619,-100.0
1620,0.0
1621,-100.0
1622,-200.0
1623,-300.0
1624,-400.0
1625,-500.0
1626,-400.0
1627,-300.0
1628,-200.0
1629,-100.0
1630,0.0
1631,-100.0
1632,-200.0
1633,-300.0
1634,-400.0
1635,-500.0
1636,-400.0
1637,-300.0
1638,-200.0
1639,-100.0
1640,0.0
1641,-100.0
1642,-200.0
1643,-300.0
1644,-400.0
1645,-500.0
1646,-400.0
1647,-300.0
1648,-200.0
1649,-100.0
1650,0.0
1651,-100.0
1652,-200.0
1653,-300.0
1654,-400.0
1655,-500.0
1656,-400.0
1657,-300.0
1658,-200.0
1659,-100.0
1660,0.0
1661,-100.0
1662,-200.0
1663,-300.0
1664,-400.0
1665,-500.0
1666,-400.0
1667,-300.0
1668,-200.0
1669,-100.0
1670,0.0
1671,100.0
1672,200.0
1673,300.0
1674,400.0
1675,500.0
1676,400.0
1677,300.0
1678,200.0
1679,100.0
1680,0.0
1681,100.0
1682,200.0
1683,300.0
1684,400.0
1685,500.0
1686,400.0
1687,300.0
1688,200.0
1689,100.0
1690,0.0
1691,-100.0
1692,-200.0
1693,-300.0
1694,-400.0
1695,-500.0
1696,-400.0
1697,-300.0
1698,-200.0
1699,-100.0
1700,0.0
1701,-100.0
1702,-200.0
1703,-300.0
1704,-400.0
1705,-500.0
1706,-400.0
1707,-300.0
1708,-200.0
1709,-100.0
1710,0.0
1711,-100.0
1712,-200.0
1713,-300.0
1714,-400.0
1715,-500.0
1716,-400.0
1717,-300.0
1718,-200.0
1719,-100.0
1720,0.0
1721,100.0
1722,200.0
1723,300.0
1724,400.0
1725,500.0
1726,400.0
1727,300.0
1728,200.0
1729,100.0
1730,0.0
1731,100.0
1732,200.0
1733,300.0
1734,400.0
1735,500.0
1736,400.0
1737,300.0
1738,200.0
1739,100.0
1740,0.0
1741,-100.0
1742,-200.0
1743,-300.0
1744,-400.0
1745,-500.0
1746,-400.0
1747,-300.0
1748,-200.0
1749,-100.0
1750,0.0
1751,100.0
1752,200.0
1753,300.0
1754,400.0
1755,500.0
1756,400.0
1757,300.0
1758,200.0
1759,100.0
1760,0.0
1761,-100.0
1762,-200.0
1763,-300.0
1764,-400.0
1765,-500.0
1766,-400.0
1767,-300.0
1768,-200.0
1769,-100.0
1770,0.0
1771,100.0
1772,200.0
1773,300.0
1774,400.0
1775,500.0
1776,400.0
1777,300.0
1778,200.0
1779,100.0
1780,0.0
1781,-100.0
1782,-200.0
1783,-300.0
1784,-400.0
1785,-500.0
1786,-400.0
1787,-300.0
1788,-200.0
1789,-100.0
1790,0.0
1791,-100.0
1792,-200.0
1793,-300.0
1794,-400.0
1795,-500.0
1796,-400.0
1797,-300.0
1798,-200.0
1799,-100.0
1800,0.0
1801,100.0
1802,200.0
1803,300.0
1804,400.0
1805,500.0
1806,400.0
1807,300.0
1808,200.0
1809,100.0
1810,0.0
1811,100.0
1812,200.0
1813,300.0
1814,400.0
1815,500.0
1816,400.0
1817,300.0
1818,200.0
1819,100.0
1820,0.0
1821,-100.0
1822,-200.0
1823,-300.0
1824,-400.0
1825,-500.0
1826,-400.0
1827,-300.0
1828,-200.0
1829,-100.0
1830,0.0
1831,100.0
1832,200.0
1833,300.0
1834,400.0
1835,500.0
1836,400.0
1837,300.0
1838,200.0
1839,100.0
1840,0.0
1841,100.0
1842,200.0
1843,300.0
1844,400.0
1845,500.0
1846,400.0
1847,300.0
1848,200.0
1849,100.0
1850,0.0
1851,100.0
1852,200.0
1853,300.0
1854,400.0
1855,500.0
1856,400.0
1857,300.0
1858,200.0
1859,100.0
1860,0.0
1861,-100.0
1862,-200.0
1863,-300.0
1864,-400.0
1865,-500.0
1866,-400.0
1867,-300.0
1868,-200.0
1869,-100.0
1870,0.0
1871,-100.0
1872,-200.0
1873,-300.0
1874,-400.0
1875,-500.0
1876,-400.0
1877,-300.0
1878,-200.0
1879,-100.0
1880,0.0
1881,-100.0
1882,-200.0
1883,-300.0
1884,-400.0
1885,-500.0
1886,-400.0
1887,-300.0
1888,-200.0
1889,-100.0
1890,0.0
1891,100.0
1892,200.0
1893,300.0
1894,400.0
1895,500.0
1896,400.0
1897,300.0
1898,200.0
1899,100.0
1900,0.0
1901,-100.0
1902,-200.0
1903,-300.0
1904,-400.0
1905,-500.0
1906,-400.0
1907,-300.0
1908,-200.0
1909,-100.0
1910,0.0
1911,-100.0
1912,-200.0
1913,-300.0
1914,-400.0
1915,-500.0
1916,-400.0
1917,-300.0
1918,-200.0
1919,-100.0
1920,0.0
1921,100.0
1922,200.0
1923,300.0
1924,400.0
1925,500.0
1926,400.0
1927,300.0
1928,200.0
1929,100.0
1930,0.0
1931,100.0
1932,200.0
1933,300.0
1934,400.0
1935,500.0
1936,400.0
1937,300.0
1938,200.0
1939,100.0
1940,0.0
1941,100.0
1942,200.0
1943,300.0
1944,400.0
1945,500.0
1946,400.0
1947,300.0
1948,200.0
1949,100.0
1950,0.0
1951,-100.0
1952,-200.0
1953,-300.0
1954,-400.0
1955,-500.0
1956,-400.0
1957,-300.0
1958,-200.0
1959,-100.0
1960,0.0
1961,-100.0
1962,-200.0
1963,-300.0
1964,-400.0
1965,-500.0
1966,-400.0
1967,-300.0
1968,-200.0
1969,-100.0
1970,0.0
1971,-100.0
1972,-200.0
1973,-300.0
1974,-400.0
1975,-500.0
1976,-400.0
1977,-300.0
1978,-200.0
1979,-100.0
1980,0.0
1981,100.0
1982,200.0
1983,300.0
1984,400.0
1985,500.0
1986,400.0
1987,300.0
1988,200.0
1989,100.0
1990,0.0
1991,100.0
1992,200.0
1993,300.0
1994,400.0
1995,500.0
1996,400.0
1997,300.0
1998,200.0
1999,100.0
2000,0.0
2001,-100.0
2002,-200.0
2003,-300.0
2004,-400.0
2005,-500.0
2006,-400.0
2007,-300.0
2008,-200.0
2009,-100.0
2010,0.0
2011,100.0
2012,200.0
2013,300.0
2014,400.0
2015,500.0
2016,400.0
2017,300.0
2018,200.0
2019,100.0
2020,0.0
2021,100.0
2022,200.0
2023,300.0
2024,400.0
2025,500.0
2026,400.0
2027,300.0
2028,200.0
2029,100.0
2030,0.0
2031,100.0
2032,200.0
2033,300.0
2034,400.0
2035,500.0
2036,400.0
2037,300.0
2038,200.0
2039,100.0
2040,0.0
2041,-100.0
2042,-200.0
2043,-300.0
2044,-400.0
2045,-500.0
2046,-400.0
2047,-300.0
2048,-200.0
2049,-100.0
2050,0.0
2051,100.0
2052,200.0
2053,300.0
2054,400.0
2055,500.0
2056,400.0
2057,300.0
2058,200.0
2059,100.0
2060,0.0
2061,100.0
2062,200.0
2063,300.0
2064,400.0
2065,500.0
2066,400.0
2067,300.0
2068,200.0
2069,100.0
2070,0.0
2071,100.0
2072,200.0
2073,300.0
2074,400.0
2075,500.0
2076,400.0
2077,300.0
2078,200.0
2079,100.0
2080,0.0
2081,-100.0
2082,-200.0
2083,-300.0
2084,-400.0
2085,-500.0
2086,-400.0
2087,-300.0
2088,-200.0
2089,-100.0
2090,0.0
2091,100.0
2092,200.0
2093,300.0
2094,400.0
2095,500.0
2096,400.0
2097,300.0
2098,200.0
2099,100.0
2100,0.0
2101,-100.0
2102,-200.0
2103,-300.0
2104,-400.0
2105,-500.0
2106,-400.0
2107,-300.0
2108,-200.0
2109,-100.0
2110,0.0
2111,-100.0
2112,-200.0
2113,-300.0
2114,-400.0
2115,-500.0
2116,-400.0
2117,-300.0
2118,-200.0
2119,-100.0
2120,0.0
2121,100.0
2122,200.0
2123,300.0
2124,400.0
2125,500.0
2126,400.0
2127,300.0
2128,200.0
2129,100.0
2130,0.0
2131,-100.0
2132,-200.0
2133,-300.0
2134,-400.0
2135,-500.0
2136,-400.0
2137,-300.0
2138,-200.0
2139,-100.0
2140,0.0
2141,100.0
2142,200.0
2143,300.0
2144,400.0
2145,500.0
2146,400.0
2147,300.0
2148,200.0
2149,100.0
2150,0.0
2151,100.0
2152,200.0
2153,300.0
2154,400.0
2155,500.0
2156,400.0
2157,300.0
2158,200.0
2159,100.0
2160,0.0
2161,100.0
2162,200.0
2163,300.0
2164,400.0
2165,500.0
2166,400.0
2167,300.0
2168,200.0
2169,100.0
2170,0.0
2171,100.0
2172,200.0
2173,300.0
2174,400.0
2175,500.0
2176,400.0
2177,300.0
2178,200.0
2179,100.0
2180,0.0
2181,100.0
2182,200.0
2183,300.0
2184,400.0
2185,500.0
2186,400.0
2187,300.0
2188,200.0
2189,100.0
2190,0.0
2191,-100.0
2192,-200.0
2193,-300.0
2194,-400.0
2195,-500.0
2196,-400.0
2197,-300.0
2198,-200.0
2199,-100.0
2200,0.0
2201,100.0
2202,200.0
2203,300.0
2204,400.0
2205,500.0
2206,400.0
2207,300.0
2208,200.0
2209,100.0
2210,0.0
2211,100.0
2212,200.0
2213,300.0
2214,400.0
2215,500.0
2216,400.0
2217,300.0
2218,200.0
2219,100.0
2220,0.0
2221,100.0
2222,200.0
2223,300.0
2224,400.0
2225,500.0
2226,400.0
2227,300.0
2228,200.0
2229,100.0
2230,0.0
2231,-100.0
2232,-200.0
2233,-300.0
2234,-400.0
2235,-500.0
2236,-400.0
2237,-300.0
2238,-200.0
2239,-100.0
2240,0.0
2241,-100.0
2242,-200.0
2243,-300.0
2244,-400.0
2245,-500.0
2246,-400.0
2247,-300.0
2248,-200.0
2249,-100.0
2250,0.0
2251,-100.0
2252,-200.0
2253,-300.0
2254,-400.0
2255,-500.0
2256,-400.0
2257,-300.0
2258,-200.0
2259,-100.0
2260,0.0
2261,100.0
2262,200.0
2263,300.0
2264,400.0
2265,500.0
2266,400.0
2267,300.0
2268,200.0
2269,100.0
2270,0.0
2271,-100.0
2272,-200.0
2273,-300.0
2274,-400.0
2275,-500.0
2276,-400.0
2277,-300.0
2278,-200.0
2279,-100.0
2280,0.0
2281,100.0
2282,200.0
2283,300.0
2284,400.0
2285,500.0
2286,400.0
2287,300.0
2288,200.0
2289,100.0
2290,0.0
2291,-100.0
2292,-200.0
2293,-300.0
2294,-400.0
2295,-500.0
2296,-400.0
2297,-300.0
2298,-200.0
2299,-100.0
2300,0.0
2301,100.0
2302,200.0
2303,300.0
2304,400.0
2305,500.0
2306,400.0
2307,300.0
2308,200.0
2309,100.0
2310,0.0
2311,100.0
2312,200.0
2313,300.0
2314,400.0
2315,500.0
2316,400.0
2317,300.0
2318,200.0
2319,100.0
2320,0.0
2321,-100.0
2322,-200.0
2323,-300.0
2324,-400.0
2325,-500.0
2326,-400.0
2327,-300.0
2328,-200.0
2329,-100.0
2330,0.0
2331,-100.0
2332,-200.0
2333,-300.0
2334,-400.0
2335,-500.0
2336,-400.0
2337,-300.0
2338,-200.0
2339,-100.0
2340,0.0
2341,100.0
2342,200.0
2343,300.0
2344,400.0
2345,500.0
2346,400.0
2347,300.0
2348,200.0
2349,100.0
2350,0.0
2351,100.0
2352,200.0
2353,300.0
2354,400.0
2355,500.0
2356,400.0
2357,300.0
2358,200.0
2359,100.0
2360,0.0
2361,-100.0
2362,-200.0
2363,-300.0
2364,-400.0
2365,-500.0
2366,-400.0
2367,-300.0
2368,-200.0
2369,-100.0
2370,0.0
2371,100.0
2372,200.0
2373,300.0
2374,400.0
2375,500.0
2376,400.0
2377,300.0
2378,200.0
2379,100.0
2380,0.0
2381,100.0
2382,200.0
2383,300.0
2384,400.0
2385,500.0
2386,400.0
2387,300.0
2388,200.0
2389,100.0
2390,0.0
2391,100.0
2392,200.0
2393,300.0
2394,400.0
2395,500.0
2396,400.0
2397,300.0
2398,200.0
2399,100.0
2400,0.0
2401,100.0
2402,200.0
2403,300.0
2404,400.0
2405,500.0
2406,400.0
2407,300.0
2408,200.0
2409,100.0
2410,0.0
2411,-100.0
2412,-200.0
2413,-300.0
2414,-400.0
2415,-500.0
2416,-400.0
2417,-300.0
2418,-200.0
2419,-100.0
2420,0.0
2421,-100.0
2422,-200.0
2423,-300.0
2424,-400.0
2425,-500.0
2426,-400.0
2427,-300.0
2428,-200.0
2429,-100.0
2430,0.0
2431,100.0
2432,200.0
2433,300.0
2434,400.0
2435,500.0
2436,400.0
2437,300.0
2438,200.0
2439,100.0
2440,0.0
2441,-100.0
2442,-200.0
2443,-300.0
2444,-400.0
2445,-500.0
2446,-400.0
2447,-300.0
2448,-200.0
2449,-100.0
2450,0.0
2451,-100.0
2452,-200.0
2453,-300.0
2454,-400.0
2455,-500.0
2456,-400.0
2457,-300.0
2458,-200.0
2459,-100.0
2460,0.0
2461,-100.0
2462,-200.0
2463,-300.0
2464,-400.0
2465,-500.0
2466,-400.0
2467,-300.0
2468,-200.0
2469,-100.0
2470,0.0
2471,100.0
2472,200.0
2473,300.0
2474,400.0
2475,500.0
2476,400.0
2477,300.0
2478,200.0
2479,100.0
2480,0.0
2481,100.0
2482,200.0
2483,300.0
2484,400.0
2485,500.0
2486,400.0
2487,300.0
2488,200.0
2489,100.0
2490,0.0
2491,-100.0
2492,-200.0
2493,-300.0
2494,-400.0
2495,-500.0
2496,-400.0
2497,-300.0
2498,-200.0
2499,-100.0
2500,0.0
2501,-100.0
2502,-200.0
2503,-300.0
2504,-400.0
2505,-500.0
2506,-400.0
2507,-300.0
2508,-200.0
2509,-100.0
2510,0.0
2511,100.0
2512,200.0
2513,300.0
2514,400.0
2515,500.0
2516,400.0
2517,300.0
2518,200.0
2519,100.0
2520,0.0
2521,-100.0
2522,-200.0
2523,-300.0
2524,-400.0
2525,-500.0
2526,-400.0
2527,-300.0
2528,-200.0
2529,-100.0
2530,0.0
2531,-100.0
2532,-200.0
2533,-300.0
2534,-400.0
2535,-500.0
2536,-400.0
2537,-300.0
2538,-200.0
2539,-100.0
2540,0.0
2541,-100.0
2542,-200.0
2543,-300.0
2544,-400.0
2545,-500.0
2546,-400.0
2547,-300.0
2548,-200.0
2549,-100.0
2550,0.0
2551,-100.0
2552,-200.0
2553,-300.0
2554,-400.0
2555,-500.0
2556,-400.0
2557,-300.0
2558,-200.0
2559,-100.0
2560,0.0
2561,100.0
2562,200.0
2563,300.0
2564,400.0
2565,500.0
2566,400.0
2567,300.0
2568,200.0
2569,100.0
2570,0.0
2571,-100.0
2572,-200.0
2573,-300.0
2574,-400.0
2575,-500.0
2576,-400.0
2577,-300.0
2578,-200.0
2579,-100.0
2580,0.0
2581,-100.0
2582,-200.0
2583,-300.0
2584,-400.0
2585,-500.0
2586,-400.0
2587,-300.0
2588,-200.0
2589,-100.0
2590,0.0
2591,100.0
2592,200.0
2593,300.0
2594,400.0
2595,500.0
2596,400.0
2597,300.0
2598,200.0
2599,100.0
2600,0.0
2601,-100.0
2602,-200.0
2603,-300.0
2604,-400.0
2605,-500.0
2606,-400.0
2607,-300.0
2608,-200.0
2609,-100.0
2610,0.0
2611,100.0
2612,200.0
2613,300.0
2614,400.0
2615,500.0
2616,400.0
2617,300.0
2618,200.0
2619,100.0
2620,0.0
2621,100.0
2622,200.0
2623,300.0
2624,400.0
2625,500.0
2626,400.0
2627,300.0
2628,200.0
2629,100.0
2630,0.0
2631,-100.0
2632,-200.0
2633,-300.0
2634,-400.0
2635,-500.0
2636,-400.0
2637,-300.0
2638,-200.0
2639,-100.0
2640,0.0
2641,-100.0
2642,-200.0
2643,-300.0
2644,-400.0
2645,-500.0
2646,-400.0
2647,-300.0
2648,-200.0
2649,-100.0
2650,0.0
2651,100.0
2652,200.0
2653,300.0
2654,400.0
2655,500.0
2656,400.0
2657,300.0
2658,200.0
2659,100.0
2660,0.0
2661,100.0
2662,200.0
2663,300.0
2664,400.0
2665,500.0
2666,400.0
2667,300.0
2668,200.0
2669,100.0
2670,0.0
2671,100.0
2672,200.0
2673,300.0
2674,400.0
2675,500.0
2676,400.0
2677,300.0
2678,200.0
2679,100.0
2680,0.0
2681,100.0
2682,200.0
2683,300.0
2684,400.0
2685,500.0
2686,400.0
2687,300.0
2688,200.0
2689,100.0
2690,0.0
2691,100.0
2692,200.0
2693,300.0
2694,400.0
2695,500.0
2696,400.0
2697,300.0
2698,200.0
2699,100.0
2700,0.0
2701,100.0
2702,200.0
2703,300.0
2704,400.0
2705,500.0
2706,400.0
2707,300.0
2708,200.0
2709,100.0
2710,0.0
2711,-100.0
2712,-200.0
2713,-300.0
2714,-400.0
2715,-500.0
2716,-400.0
2717,-300.0
2718,-200.0
2719,-100.0
2720,0.0
2721,100.0
2722,200.0
2723,300.0
2724,400.0
2725,500.0
2726,400.0
2727,300.0
2728,200.0
2729,100.0
2730,0.0
2731,100.0
2732,200.0
2733,300.0
2734,400.0
2735,500.0
2736,400.0
2737,300.0
2738,200.0
2739,100.0
2740,0.0
2741,-100.0
2742,-200.0
2743,-300.0
2744,-400.0
2745,-500.0
2746,-400.0
2747,-300.0
2748,-200.0
2749,-100.0
2750,0.0
2751,-100.0
2752,-200.0
2753,-300.0
2754,-400.0
2755,-500.0
2756,-400.0
2757,-300.0
2758,-200.0
2759,-100.0
2760,0.0
2761,100.0
2762,200.0
2763,300.0
2764,400.0
2765,500.0
2766,400.0
2767,300.0
2768,200.0
2769,100.0
2770,0.0
2771,-100.0
2772,-200.0
2773,-300.0
2774,-400.0
2775,-500.0
2776,-400.0
2777,-300.0
2778,-200.0
2779,-100.0
2780,0.0
2781,100.0
2782,200.0
2783,300.0
2784,400.0
2785,500.0
2786,400.0
2787,300.0
2788,200.0
2789,100.0
2790,0.0
2791,100.0
2792,200.0
2793,300.0
2794,400.0
2795,500.0
2796,400.0
2797,300.0
2798,200.0
2799,100.0
2800,0.0
2801,100.0
2802,200.0
2803,300.0
2804,400.0
2805,500.0
2806,400.0
2807,300.0
2808,200.0
2809,100.0
2810,0.0
2811,-100.0
2812,-200.0
2813,-300.0
2814,-400.0
2815,-500.0
2816,-400.0
2817,-300.0
2818,-200.0
2819,-100.0
2820,0.0
2821,100.0
2822,200.0
2823,300.0
2824,400.0
2825,500.0
2826,400.0
2827,300.0
2828,200.0
2829,100.0
2830,0.0
2831,100.0
2832,200.0
2833,300.0
2834,400.0
2835,500.0
2836,400.0
2837,300.0
2838,200.0
2839,100.0
2840,0.0
2841,-100.0
2842,-200.0
2843,-300.0
2844,-400.0
2845,-500.0
2846,-400.0
2847,-300.0
2848,-200.0
2849,-100.0
2850,0.0
2851,100.0
2852,200.0
2853,300.0
2854,400.0
2855,500.0
2856,400.0
2857,300.0
2858,200.0
2859,100.0
2860,0.0
2861,100.0
2862,200.0
2863,300.0
2864,400.0
2865,500.0
2866,400.0
2867,300.0
2868,200.0
2869,100.0
2870,0.0
2871,-100.0
2872,-200.0
2873,-300.0
2874,-400.0
2875,-500.0
2876,-400.0
2877,-300.0
2878,-200.0
2879,-100.0
2880,0.0
2881,-100.0
2882,-200.0
2883,-300.0
2884,-400.0
2885,-500.0
2886,-400.0
2887,-300.0
2888,-200.0
2889,-100.0
2890,0.0
2891,100.0
2892,200.0
2893,300.0
2894,400.0
2895,500.0
2896,400.0
2897,300.0
2898,200.0
2899,100.0
2900,0.0
2901,100.0
2902,200.0
2903,300.0
2904,400.0
2905,500.0
2906,400.0
2907,300.0
2908,200.0
2909,100.0
2910,0.0
2911,100.0
2912,200.0
2913,300.0
2914,400.0
2915,500.0
2916,400.0
2917,300.0
2918,200.0
2919,100.0
2920,0.0
2921,100.0
2922,200.0
2923,300.0
2924,400.0
2925,500.0
2926,400.0
2927,300.0
2928,200.0
2929,100.0
2930,0.0
2931,100.0
2932,200.0
2933,300.0
2934,400.0
2935,500.0
2936,400.0
2937,300.0
2938,200.0
2939,100.0
2940,0.0
2941,-100.0
2942,-200.0
2943,-300.0
2944,-400.0
2945,-500.0
2946,-400.0
2947,-300.0
2948,-200.0
2949,-100.0
2950,0.0
2951,-100.0
2952,-200.0
2953,-300.0
2954,-400.0
2955,-500.0
2956,-400.0
2957,-300.0
2958,-200.0
2959,-100.0
2960,0.0
2961,-100.0
2962,-200.0
2963,-300.0
2964,-400.0
2965,-500.0
2966,-400.0
2967,-300.0
2968,-200.0
2969,-100.0
2970,0.0
2971,-100.0
2972,-200.0
2973,-300.0
2974,-400.0
2975,-500.0
2976,-400.0
2977,-300.0
2978,-200.0
2979,-100.0
2980,0.0
2981,-100.0
2982,-200.0
2983,-300.0
2984,-400.0
2985,-500.0
2986,-400.0
2987,-300.0
2988,-200.0
2989,-100.0
2990,0.0
2991,100.0
2992,200.0
2993,300.0
2994,400.0
2995,500.0
2996,400.0
2997,300.0
2998,200.0
2999,100.0
3000,0.0
3001,100.0
3002,200.0
3003,300.0
3004,400.0
3005,500.0
3006,400.0
3007,300.0
3008,200.0
3009,100.0
3010,0.0
3011,100.0
3012,200.0
3013,300.0
3014,400.0
3015,500.0
3016,400.0
3017,300.0
3018,200.0
3019,100.0
3020,0.0
3021,100.0
3022,200.0
3023,300.0
3024,400.0
3025,500.0
3026,400.0
3027,300.0
3028,200.0
3029,100.0
3030,0.0
3031,100.0
3032,200.0
3033,300.0
3034,400.0
3035,500.0
3036,400.0
3037,300.0
3038,200.0
3039,100.0
3040,0.0
3041,100.0
3042,200.0
3043,300.0
3044,400.0
3045,500.0
3046,400.0
3047,300.0
3048,200.0
3049,100.0
3050,0.0
3051,-100.0
3052,-200.0
3053,-300.0
3054,-400.0
3055,-500.0
3056,-400.0
3057,-300.0
3058,-200.0
3059,-100.0
3060,0.0
3061,100.0
3062,200.0
3063,300.0
3064,400.0
3065,500.0
3066,400.0
3067,300.0
3068,200.0
3069,100.0
3070,0.0
3071,100.0
3072,200.0
3073,300.0
3074,400.0
3075,500.0
3076,400.0
3077,300.0
3078,200.0
3079,100.0
3080,0.0
3081,100.0
3082,200.0
3083,300.0
3084,400.0
3085,500.0
3086,400.0
3087,300.0
3088,200.0
3089,100.0
3090,0.0
3091,-100.0
3092,-200.0
3093,-300.0
3094,-400.0
3095,-500.0
3096,-400.0
3097,-300.0
3098,-200.0
3099,-100.0
3100,0.0
3101,-100.0
3102,-200.0
3103,-300.0
3104,-400.0
3105,-500.0
3106,-400.0
3107,-300.0
3108,-200.0
3109,-100.0
3110,0.0
3111,-100.0
3112,-200.0
3113,-300.0
3114,-400.0
3115,-500.0
3116,-400.0
3117,-300.0
3118,-200.0
3119,-100.0
3120,0.0
3121,-100.0
3122,-200.0
3123,-300.0
3124,-400.0
3125,-500.0
3126,-400.0
3127,-300.0
3128,-200.0
3129,-100.0
3130,0.0
3131,-100.0
3132,-200.0
3133,-300.0
3134,-400.0
3135,-500.0
3136,-400.0
3137,-300.0
3138,-200.0
3139,-100.0
3140,0.0
3141,-100.0
3142,-200.0
3143,-300.0
3144,-400.0
3145,-500.0
3146,-400.0
3147,-300.0
3148,-200.0
3149,-100.0
3150,0.0
3151,100.0
3152,200.0
3153,300.0
3154,400.0
3155,500.0
3156,400.0
3157,300.0
3158,200.0
3159,100.0
3160,0.0
3161,100.0
3162,200.0
3163,300.0
3164,400.0
3165,500.0
3166,400.0
3167,300.0
3168,200.0
3169,100.0
3170,0.0
3171,100.0
3172,200.0
3173,300.0
3174,400.0
3175,500.0
3176,400.0
3177,300.0
3178,200.0
3179,100.0
3180,0.0
3181,-100.0
3182,-200.0
3183,-300.0
3184,-400.0
3185,-500.0
3186,-400.0
3187,-300.0
3188,-200.0
3189,-100.0
3190,0.0
3191,-100.0
3192,-200.0
3193,-300.0
3194,-400.0
3195,-500.0
3196,-400.0
3197,-300.0
3198,-200.0
3199,-100.0
3200,0.0
3201,100.0
3202,200.0
3203,300.0
3204,400.0
3205,500.0
3206,400.0
3207,300.0
3208,200.0
3209,100.0
3210,0.0
3211,100.0
3212,200.0
3213,300.0
3214,400.0
3215,500.0
3216,400.0
3217,300.0
3218,200.0
3219,100.0
3220,0.0
3221,100.0
3222,200.0
3223,300.0
3224,400.0
3225,500.0
3226,400.0
3227,300.0
3228,200.0
3229,100.0
3230,0.0
3231,-100.0
3232,-200.0
3233,-300.0
3234,-400.0
3235,-500.0
3236,-400.0
3237,-300.0
3238,-200.0
3239,-100.0
3240,0.0
3241,-100.0
3242,-200.0
3243,-300.0
3244,-400.0
3245,-500.0
3246,-400.0
3247,-300.0
3248,-200.0
3249,-100.0
3250,0.0
3251,-100.0
3252,-200.0
3253,-300.0
3254,-400.0
3255,-500.0
3256,-400.0
3257,-300.0
3258,-200.0
3259,-100.0
3260,0.0
3261,100.0
3262,200.0
3263,300.0
3264,400.0
3265,500.0
3266,400.0
3267,300.0
3268,200.0
3269,100.0
3270,0.0
3271,-100.0
3272,-200.0
3273,-300.0
3274,-400.0
3275,-500.0
3276,-400.0
3277,-300.0
3278,-200.0
3279,-100.0
3280,0.0
3281,100.0
3282,200.0
3283,300.0
3284,400.0
3285,500.0
3286,400.0
3287,300.0
3288,200.0
3289,100.0
3290,0.0
3291,-100.0
3292,-200.0
3293,-300.0
3294,-400.0
3295,-500.0
3296,-400.0
3297,-300.0
3298,-200.0
3299,-100.0
3300,0.0
3301,100.0
3302,200.0
3303,300.0
3304,400.0
3305,500.0
3306,400.0
3307,300.0
3308,200.0
3309,100.0
3310,0.0
3311,100.0
3312,200.0
3313,300.0
3314,400.0
3315,500.0
3316,400.0
3317,300.0
3318,200.0
3319,100.0
3320,0.0
3321,-100.0
3322,-200.0
3323,-300.0
3324,-400.0
3325,-500.0
3326,-400.0
3327,-300.0
3328,-200.0
3329,-100.0
3330,0.0
3331,100.0
3332,200.0
3333,300.0
3334,400.0
3335,500.0
3336,400.0
3337,300.0
3338,200.0
3339,100.0
3340,0.0
3341,100.0
3342,200.0
3343,300.0
3344,400.0
3345,500.0
3346,400.0
3347,300.0
3348,200.0
3349,100.0
3350,0.0
3351,-100.0
3352,-200.0
3353,-300.0
3354,-400.0
3355,-500.0
3356,-400.0
3357,-300.0
3358,-200.0
3359,-100.0
3360,0.0
3361,100.0
3362,200.0
3363,300.0
3364,400.0
3365,500.0
3366,400.0
3367,300.0
3368,200.0
3369,100.0
3370,0.0
3371,-100.0
3372,-200.0
3373,-300.0
3374,-400.0
3375,-500.0
3376,-400.0
3377,-300.0
3378,-200.0
3379,-100.0
3380,0.0
3381,-100.0
3382,-200.0
3383,-300.0
3384,-400.0
3385,-500.0
3386,-400.0
3387,-300.0
3388,-200.0
3389,-100.0
3390,0.0
3391,100.0
3392,200.0
3393,300.0
3394,400.0
3395,500.0
3396,400.0
3397,300.0
3398,200.0
3399,100.0
3400,0.0
3401,-100.0
3402,-200.0
3403,-300.0
3404,-400.0
3405,-500.0
3406,-400.0
3407,-300.0
3408,-200.0
3409,-100.0
3410,0.0
3411,-100.0
3412,-200.0
3413,-300.0
3414,-400.0
3415,-500.0
3416,-400.0
3417,-300.0
3418,-200.0
3419,-100.0
3420,0.0
3421,100.0
3422,200.0
3423,300.0
3424,400.0
3425,500.0
3426,400.0
3427,300.0
3428,200.0
3429,100.0
3430,0.0
3431,100.0
3432,200.0
3433,300.0
3434,400.0
3435,500.0
3436,400.0
3437,300.0
3438,200.0
3439,100.0
3440,0.0
3441,100.0
3442,200.0
3443,300.0
3444,400.0
3445,500.0
3446,400.0
3447,300.0
3448,200.0
3449,100.0
3450,0.0
3451,100.0
3452,200.0
3453,300.0
3454,400.0
3455,500.0
3456,400.0
3457,300.0
3458,200.0
3459,100.0
3460,0.0
3461,-100.0
3462,-200.0
3463,-300.0
3464,-400.0
3465,-500.0
3466,-400.0
3467,-300.0
3468,-200.0
3469,-100.0
3470,0.0
3471,100.0
3472,200.0
3473,300.0
3474,400.0
3475,500.0
3476,400.0
3477,300.0
3478,200.0
3479,100.0
3480,0.0
3481,100.0
3482,200.0
3483,300.0
3484,400.0
3485,500.0
3486,400.0
3487,300.0
3488,200.0
3489,100.0
3490,0.0
3491,-100.0
3492,-200.0
3493,-300.0
3494,-400.0
3495,-500.0
3496,-400.0
3497,-300.0
3498,-200.0
3499,-100.0
3500,0.0
3501,-100.0
3502,-200.0
3503,-300.0
3504,-400.0
3505,-500.0
3506,-400.0
3507,-300.0
3508,-200.0
3509,-100.0
3510,0.0
3511,-100.0
3512,-200.0
3513,-300.0
3514,-400.0
3515,-500.0
3516,-400.0
3517,-300.0
3518,-200.0
3519,-100.0
3520,0.0
3521,100.0
3522,200.0
3523,300.0
3524,400.0
3525,500.0
3526,400.0
3527,300.0
3528,200.0
3529,100.0
3530,0.0
3531,100.0
3532,200.0
3533,300.0
3534,400.0
3535,500.0
3536,400.0
3537,300.0
3538,200.0
3539,100.0
3540,0.0
3541,100.0
3542,200.0
3543,300.0
3544,400.0
3545,500.0
3546,400.0
3547,300.0
3548,200.0
3549,100.0
3550,0.0
3551,100.0
3552,200.0
3553,300.0
3554,400.0
3555,500.0
3556,400.0
3557,300.0
3558,200.0
3559,100.0
3560,0.0
3561,100.0
3562,200.0
3563,300.0
3564,400.0
3565,500.0
3566,400.0
3567,300.0
3568,200.0
3569,100.0
3570,0.0
3571,-100.0
3572,-200.0
3573,-300.0
3574,-400.0
3575,-500.0
3576,-400.0
3577,-300.0
3578,-200.0
3579,-100.0
3580,0.0
3581,100.0
3582,200.0
3583,300.0
3584,400.0
3585,500.0
3586,400.0
3587,300.0
3588,200.0
3589,100.0
3590,0.0
3591,100.0
3592,200.0
3593,300.0
3594,400.0
3595,500.0
3596,400.0
3597,300.0
3598,200.0
3599,100.0
3600,0.0
3601,-100.0
3602,-200.0
3603,-300.0
3604,-400.0
3605,-500.0
3606,-400.0
3607,-300.0
3608,-200.0
3609,-100.0
3610,0.0
3611,-100.0
3612,-200.0
3613,-300.0
3614,-400.0
3615,-500.0
3616,-400.0
3617,-300.0
3618,-200.0
3619,-100.0
3620,0.0
3621,-100.0
3622,-200.0
3623,-300.0
3624,-400.0
3625,-500.0
3626,-400.0
3627,-300.0
3628,-200.0
3629,-100.0
3630,0.0
3631,-100.0
3632,-200.0
3633,-300.0
3634,-400.0
3635,-500.0
3636,-400.0
3637,-300.0
3638,-200.0
3639,-100.0
3640,0.0
3641,100.0
3642,200.0
3643,300.0
3644,400.0
3645,500.0
3646,400.0
3647,300.0
3648,200.0
3649,100.0
3650,0.0
3651,-100.0
3652,-200.0
3653,-300.0
3654,-400.0
3655,-500.0
3656,-400.0
3657,-300.0
3658,-200.0
3659,-100.0
3660,0.0
3661,100.0
3662,200.0
3663,300.0
3664,400.0
3665,500.0
3666,400.0
3667,300.0
3668,200.0
3669,100.0
3670,0.0
3671,100.0
3672,200.0
3673,300.0
3674,400.0
3675,500.0
3676,400.0
3677,300.0
3678,200.0
3679,100.0
3680,0.0
3681,100.0
3682,200.0
3683,300.0
3684,400.0
3685,500.0
3686,400.0
3687,300.0
3688,200.0
3689,100.0
3690,0.0
3691,100.0
3692,200.0
3693,300.0
3694,400.0
3695,500.0
3696,400.0
3697,300.0
3698,200.0
3699,100.0
3700,0.0
3701,100.0
3702,200.0
3703,300.0
3704,400.0
3705,500.0
3706,400.0
3707,300.0
3708,200.0
3709,100.0
3710,0.0
3711,-100.0
3712,-200.0
3713,-300.0
3714,-400.0
3715,-500.0
3716,-400.0
3717,-300.0
3718,-200.0
3719,-100.0
3720,0.0
3721,-100.0
3722,-200.0
3723,-300.0
3724,-400.0
3725,-500.0
3726,-400.0
3727,-300.0
3728,-200.0
3729,-100.0
3730,0.0
3731,-100.0
3732,-200.0
3733,-300.0
3734,-400.0
3735,-500.0
3736,-400.0
3737,-300.0
3738,-200.0
3739,-100.0
3740,0.0
3741,100.0
3742,200.0
3743,300.0
3744,400.0
3745,500.0
3746,400.0
3747,300.0
3748,200.0
3749,100.0
3750,0.0
3751,-100.0
3752,-200.0
3753,-300.0
3754,-400.0
3755,-500.0
3756,-400.0
3757,-300.0
3758,-200.0
3759,-100.0
3760,0.0
3761,100.0
3762,200.0
3763,300.0
3764,400.0
3765,500.0
3766,400.0
3767,300.0
3768,200.0
3769,100.0
3770,0.0
3771,-100.0
3772,-200.0
3773,-300.0
3774,-400.0
3775,-500.0
3776,-400.0
3777,-300.0
3778,-200.0
3779,-100.0
3780,0.0
3781,100.0
3782,200.0
3783,300.0
3784,400.0
3785,500.0
3786,400.0
3787,300.0
3788,200.0
3789,100.0
3790,0.0
3791,-100.0
3792,-200.0
3793,-300.0
3794,-400.0
3795,-500.0
3796,-400.0
3797,-300.0
3798,-200.0
3799,-100.0
3800,0.0
3801,100.0
3802,200.0
3803,300.0
3804,400.0
3805,500.0
3806,400.0
3807,300.0
3808,200.0
3809,100.0
3810,0.0
3811,-100.0
3812,-200.0
3813,-300.0
3814,-400.0
3815,-500.0
3816,-400.0
3817,-300.0
3818,-200.0
3819,-100.0
3820,0.0
3821,100.0
3822,200.0
3823,300.0
3824,400.0
3825,500.0
3826,400.0
3827,300.0
3828,200.0
3829,100.0
3830,0.0
3831,100.0
3832,200.0
3833,300.0
3834,400.0
3835,500.0
3836,400.0
3837,300.0
3838,200.0
3839,100.0
3840,0.0
3841,100.0
3842,200.0
3843,300.0
3844,400.0
3845,500.0
3846,400.0
3847,300.0
3848,200.0
3849,100.0
3850,0.0
3851,100.0
3852,200.0
3853,300.0
3854,400.0
3855,500.0
3856,400.0
3857,300.0
3858,200.0
3859,100.0
3860,0.0
3861,100.0
3862,200.0
3863,300.0
3864,400.0
3865,500.0
3866,400.0
3867,300.0
3868,200.0
3869,100.0
3870,0.0
3871,100.0
3872,200.0
3873,300.0
3874,400.0
3875,500.0
3876,400.0
3877,300.0
3878,200.0
3879,100.0
3880,0.0
3881,-100.0
3882,-200.0
3883,-300.0
3884,-400.0
3885,-500.0
3886,-400.0
3887,-300.0
3888,-200.0
3889,-100.0
3890,0.0
3891,-100.0
3892,-200.0
3893,-300.0
3894,-400.0
3895,-500.0
3896,-400.0
3897,-300.0
3898,-200.0
3899,-100.0
3900,0.0
3901,-100.0
3902,-200.0
3903,-300.0
3904,-400.0
3905,-500.0
3906,-400.0
3907,-300.0
3908,-200.0
3909,-100.0
3910,0.0
3911,100.0
3912,200.0
3913,300.0
3914,400.0
3915,500.0
3916,400.0
3917,300.0
3918,200.0
3919,100.0
3920,0.0
3921,100.0
3922,200.0
3923,300.0
3924,400.0
3925,500.0
3926,400.0
3927,300.0
3928,200.0
3929,100.0
3930,0.0
3931,100.0
3932,200.0
3933,300.0
3934,400.0
3935,500.0
3936,400.0
3937,300.0
3938,200.0
3939,100.0
3940,0.0
3941,100.0
3942,200.0
3943,300.0
3944,400.0
3945,500.0
3946,400.0
3947,300.0
3948,200.0
3949,100.0
3950,0.0
3951,100.0
3952,200.0
3953,300.0
3954,400.0
3955,500.0
3956,400.0
3957,300.0
3958,200.0
3959,100.0
3960,0.0
3961,100.0
3962,200.0
3963,300.0
3964,400.0
3965,500.0
3966,400.0
3967,300.0
3968,200.0
3969,100.0
3970,0.0
3971,-100.0
3972,-200.0
3973,-300.0
3974,-400.0
3975,-500.0
3976,-400.0
3977,-300.0
3978,-200.0
3979,-100.0
3980,0.0
3981,-100.0
3982,-200.0
3983,-300.0
3984,-400.0
3985,-500.0
3986,-400.0
3987,-300.0
3988,-200.0
3989,-100.0
3990,0.0
3991,-100.0
3992,-200.0
3993,-300.0
3994,-400.0
3995,-500.0
3996,-400.0
3997,-300.0
3998,-200.0
3999,-100.0
4000,0.0
4001,-100.0
4002,-200.0
4003,-300.0
4004,-400.0
4005,-500.0
4006,-400.0
4007,-300.0
4008,-200.0
4009,-100.0
4010,0.0
4011,100.0
4012,200.0
4013,300.0
4014,400.0
4015,500.0
4016,400.0
4017,300.0
4018,200.0
4019,100.0
4020,0.0
4021,-100.0
4022,-200.0
4023,-300.0
4024,-400.0
4025,-500.0
4026,-400.0
4027,-300.0
4028,-200.0
4029,-100.0
4030,0.0
4031,100.0
4032,200.0
4033,300.0
4034,400.0
4035,500.0
4036,400.0
4037,300.0
4038,200.0
4039,100.0
4040,0.0
4041,100.0
4042,200.0
4043,300.0
4044,400.0
4045,500.0
4046,400.0
4047,300.0
4048,200.0
4049,100.0
4050,0.0
4051,100.0
4052,200.0
4053,300.0
4054,400.0
4055,500.0
4056,400.0
4057,300.0
4058,200.0
4059,100.0
4060,0.0
4061,100.0
4062,200.0
4063,300.0
4064,400.0
4065,500.0
4066,400.0
4067,300.0
4068,200.0
4069,100.0
4070,0.0
4071,-100.0
4072,-200.0
4073,-300.0
4074,-400.0
4075,-500.0
4076,-400.0
4077,-300.0
4078,-200.0
4079,-100.0
4080,0.0
4081,100.0
4082,200.0
4083,300.0
4084,400.0
4085,500.0
4086,400.0
4087,300.0
4088,200.0
4089,100.0
4090,0.0
4091,-100.0
4092,-200.0
4093,-300.0
4094,-400.0
4095,-500.0
4096,-400.0
4097,-300.0
4098,-200.0
4099,-100.0
4100,0.0
4101,100.0
4102,200.0
4103,300.0
4104,400.0
4105,500.0
4106,400.0
4107,300.0
4108,200.0
4109,100.0
4110,0.0
4111,100.0
4112,200.0
4113,300.0
4114,400.0
4115,500.0
4116,400.0
4117,300.0
4118,200.0
4119,100.0
4120,0.0
4121,100.0
4122,200.0
4123,300.0
4124,400.0
4125,500.0
4126,400.0
4127,300.0
4128,200.0
4129,100.0
4130,0.0
4131,-100.0
4132,-200.0
4133,-300.0
4134,-400.0
4135,-500.0
4136,-400.0
4137,-300.0
4138,-200.0
4139,-100.0
4140,0.0
4141,-100.0
4142,-200.0
4143,-300.0
4144,-400.0
4145,-500.0
4146,-400.0
4147,-300.0
4148,-200.0
4149,-100.0
4150,0.0
4151,100.0
4152,200.0
4153,300.0
4154,400.0
4155,500.0
4156,400.0
4157,300.0
4158,200.0
4159,100.0
4160,0.0
4161,-100.0
4162,-200.0
4163,-300.0
4164,-400.0
4165,-500.0
4166,-400.0
4167,-300.0
4168,-200.0
4169,-100.0
4170,0.0
4171,-100.0
4172,-200.0
4173,-300.0
4174,-400.0
4175,-500.0
4176,-400.0
4177,-300.0
4178,-200.0
4179,-100.0
4180,0.0
4181,100.0
4182,200.0
4183,300.0
4184,400.0
4185,500.0
4186,400.0
4187,300.0
4188,200.0
4189,100.0
4190,0.0
4191,-100.0
4192,-200.0
4193,-300.0
4194,-400.0
4195,-500.0
4196,-400.0
4197,-300.0
4198,-200.0
4199,-100.0
4200,0.0
4201,-100.0
4202,-200.0
4203,-300.0
4204,-400.0
4205,-500.0
4206,-400.0
4207,-300.0
4208,-200.0
4209,-100.0
4210,0.0
4211,-100.0
4212,-200.0
4213,-300.0
4214,-400.0
4215,-500.0
4216,-400.0
4217,-300.0
4218,-200.0
4219,-100.0
4220,0.0
4221,-100.0
4222,-200.0
4223,-300.0
4224,-400.0
4225,-500.0
4226,-400.0
4227,-300.0
4228,-200.0
4229,-100.0
4230,0.0
4231,-100.0
4232,-200.0
4233,-300.0
4234,-400.0
4235,-500.0
4236,-400.0
4237,-300.0
4238,-200.0
4239,-100.0
4240,0.0
4241,100.0
4242,200.0
4243,300.0
4244,400.0
4245,500.0
4246,400.0
4247,300.0
4248,200.0
4249,100.0
4250,0.0
4251,-100.0
4252,-200.0
4253,-300.0
4254,-400.0
4255,-500.0
4256,-400.0
4257,-300.0
4258,-200.0
4259,-100.0
4260,0.0
4261,-100.0
4262,-200.0
4263,-300.0
4264,-400.0
4265,-500.0
4266,-400.0
4267,-300.0
4268,-200.0
4269,-100.0
4270,0.0
4271,100.0
4272,200.0
4273,300.0
4274,400.0
4275,500.0
4276,400.0
4277,300.0
4278,200.0
4279,100.0
4280,0.0
4281,100.0
4282,200.0
4283,300.0
4284,400.0
4285,500.0
4286,400.0
4287,300.0
4288,200.0
4289,100.0
4290,0.0
4291,-100.0
4292,-200.0
4293,-300.0
4294,-400.0
4295,-500.0
4296,-400.0
4297,-300.0
4298,-200.0
4299,-100.0
4300,0.0
4301,-100.0
4302,-200.0
4303,-300.0
4304,-400.0
4305,-500.0
4306,-400.0
4307,-300.0
4308,-200.0
4309,-100.0
4310,0.0
4311,-100.0
4312,-200.0
4313,-300.0
4314,-400.0
4315,-500.0
4316,-400.0
4317,-300.0
4318,-200.0
4319,-100.0
4320,0.0
4321,-100.0
4322,-200.0
4323,-300.0
4324,-400.0
4325,-500.0
4326,-400.0
4327,-300.0
4328,-200.0
4329,-100.0
4330,0.0
4331,100.0
4332,200.0
4333,300.0
4334,400.0
4335,500.0
4336,400.0
4337,300.0
4338,200.0
4339,100.0
4340,0.0
4341,100.0
4342,200.0
4343,300.0
4344,400.0
4345,500.0
4346,400.0
4347,300.0
4348,200.0
4349,100.0
4350,0.0
4351,-100.0
4352,-200.0
4353,-300.0
4354,-400.0
4355,-500.0
4356,-400.0
4357,-300.0
4358,-200.0
4359,-100.0
4360,0.0
4361,-100.0
4362,-200.0
4363,-300.0
4364,-400.0
4365,-500.0
4366,-400.0
4367,-300.0
4368,-200.0
4369,-100.0
4370,0.0
4371,-100.0
4372,-200.0
4373,-300.0
4374,-400.0
4375,-500.0
4376,-400.0
4377,-300.0
4378,-200.0
4379,-100.0
4380,0.0
4381,100.0
4382,200.0
4383,300.0
4384,400.0
4385,500.0
4386,400.0
4387,300.0
4388,200.0
4389,100.0
4390,0.0
4391,-100.0
4392,-200.0
4393,-300.0
4394,-400.0
4395,-500.0
4396,-400.0
4397,-300.0
4398,-200.0
4399,-100.0
4400,0.0
4401,-100.0
4402,-200.0
4403,-300.0
4404,-400.0
4405,-500.0
4406,-400.0
4407,-300.0
4408,-200.0
4409,-100.0
4410,0.0
4411,-100.0
4412,-200.0
4413,-300.0
4414,-400.0
4415,-500.0
4416,-400.0
4417,-300.0
4418,-200.0
4419,-100.0
4420,0.0
4421,-100.0
4422,-200.0
4423,-300.0
4424,-400.0
4425,-500.0
4426,-400.0
4427,-300.0
4428,-200.0
4429,-100.0
4430,0.0
4431,-100.0
4432,-200.0
4433,-300.0
4434,-400.0
4435,-500.0
4436,-400.0
4437,-300.0
4438,-200.0
4439,-100.0
4440,0.0
4441,100.0
4442,200.0
4443,300.0
4444,400.0
4445,500.0
4446,400.0
4447,300.0
4448,200.0
4449,100.0
4450,0.0
4451,100.0
4452,200.0
4453,300.0
4454,400.0
4455,500.0
4456,400.0
4457,300.0
4458,200.0
4459,100.0
4460,0.0
4461,-100.0
4462,-200.0
4463,-300.0
4464,-400.0
4465,-500.0
4466,-400.0
4467,-300.0
4468,-200.0
4469,-100.0
4470,0.0
4471,-100.0
4472,-200.0
4473,-300.0
4474,-400.0
4475,-500.0
4476,-400.0
4477,-300.0
4478,-200.0
4479,-100.0
4480,0.0
4481,100.0
4482,200.0
4483,300.0
4484,400.0
4485,500.0
4486,400.0
4487,300.0
4488,200.0
4489,100.0
4490,0.0
4491,-100.0
4492,-200.0
4493,-300.0
4494,-400.0
4495,-500.0
4496,-400.0
4497,-300.0
4498,-200.0
4499,-100.0
4500,0.0
4501,-100.0
4502,-200.0
4503,-300.0
4504,-400.0
4505,-500.0
4506,-400.0
4507,-300.0
4508,-200.0
4509,-100.0
4510,0.0
4511,100.0
4512,200.0
4513,300.0
4514,400.0
4515,500.0
4516,400.0
4517,300.0
4518,200.0
4519,100.0
4520,0.0
4521,-100.0
4522,-200.0
4523,-300.0
4524,-400.0
4525,-500.0
4526,-400.0
4527,-300.0
4528,-200.0
4529,-100.0
4530,0.0
4531,100.0
4532,200.0
4533,300.0
4534,400.0
4535,500.0
4536,400.0
4537,300.0
4538,200.0
4539,100.0
4540,0.0
4541,-100.0
4542,-200.0
4543,-300.0
4544,-400.0
4545,-500.0
4546,-400.0
4547,-300.0
4548,-200.0
4549,-100.0
4550,0.0
4551,-100.0
4552,-200.0
4553,-300.0
4554,-400.0
4555,-500.0
4556,-400.0
4557,-300.0
4558,-200.0
4559,-100.0
4560,0.0
4561,100.0
4562,200.0
4563,300.0
4564,400.0
4565,500.0
4566,400.0
4567,300.0
4568,200.0
4569,100.0
4570,0.0
4571,-100.0
4572,-200.0
4573,-300.0
4574,-400.0
4575,-500.0
4576,-400.0
4577,-300.0
4578,-200.0
4579,-100.0
4580,0.0
4581,100.0
4582,200.0
4583,300.0
4584,400.0
4585,500.0
4586,400.0
4587,300.0
4588,200.0
4589,100.0
4590,0.0
4591,-100.0
4592,-200.0
4593,-300.0
4594,-400.0
4595,-500.0
4596,-400.0
4597,-300.0
4598,-200.0
4599,-100.0
4600,0.0
4601,100.0
4602,200.0
4603,300.0
4604,400.0
4605,500.0
4606,400.0
4607,300.0
4608,200.0
4609,100.0
4610,0.0
4611,-100.0
4612,-200.0
4613,-300.0
4614,-400.0
4615,-500.0
4616,-400.0
4617,-300.0
4618,-200.0
4619,-100.0
4620,0.0
4621,-100.0
4622,-200.0
4623,-300.0
4624,-400.0
4625,-500.0
4626,-400.0
4627,-300.0
4628,-200.0
4629,-100.0
4630,0.0
4631,100.0
4632,200.0
4633,300.0
4634,400.0
4635,500.0
4636,400.0
4637,300.0
4638,200.0
4639,100.0
4640,0.0
4641,100.0
4642,200.0
4643,300.0
4644,400.0
4645,500.0
4646,400.0
4647,300.0
4648,200.0
4649,100.0
4650,0.0
4651,100.0
4652,200.0
4653,300.0
4654,400.0
4655,500.0
4656,400.0
4657,300.0
4658,200.0
4659,100.0
4660,0.0
4661,100.0
4662,200.0
4663,300.0
4664,400.0
4665,500.0
4666,400.0
4667,300.0
4668,200.0
4669,100.0
4670,0.0
4671,-100.0
4672,-200.0
4673,-300.0
4674,-400.0
4675,-500.0
4676,-400.0
4677,-300.0
4678,-200.0
4679,-100.0
4680,0.0
4681,100.0
4682,200.0
4683,300.0
4684,400.0
4685,500.0
4686,400.0
4687,300.0
4688,200.0
4689,100.0
4690,0.0
4691,100.0
4692,200.0
4693,300.0
4694,400.0
4695,500.0
4696,400.0
4697,300.0
4698,200.0
4699,100.0
4700,0.0
4701,100.0
4702,200.0
4703,300.0
4704,400.0
4705,500.0
4706,400.0
4707,300.0
4708,200.0
4709,100.0
4710,0.0
4711,-100.0
4712,-200.0
4713,-300.0
4714,-400.0
4715,-500.0
4716,-400.0
4717,-300.0
4718,-200.0
4719,-100.0
4720,0.0
4721,-100.0
4722,-200.0
4723,-300.0
4724,-400.0
4725,-500.0
4726,-400.0
4727,-300.0
4728,-200.0
4729,-100.0
4730,0.0
4731,-100.0
4732,-200.0
4733,-300.0
4734,-400.0
4735,-500.0
4736,-400.0
4737,-300.0
4738,-200.0
4739,-100.0
4740,0.0
4741,-100.0
4742,-200.0
4743,-300.0
4744,-400.0
4745,-500.0
4746,-400.0
4747,-300.0
4748,-200.0
4749,-100.0
4750,0.0
4751,100.0
4752,200.0
4753,300.0
4754,400.0
4755,500.0
4756,400.0
4757,300.0
4758,200.0
4759,100.0
4760,0.0
4761,100.0
4762,200.0
4763,300.0
4764,400.0
4765,500.0
4766,400.0
4767,300.0
4768,200.0
4769,100.0
4770,0.0
4771,100.0
4772,200.0
4773,300.0
4774,400.0
4775,500.0
4776,400.0
4777,300.0
4778,200.0
4779,100.0
4780,0.0
4781,-100.0
4782,-200.0
4783,-300.0
4784,-400.0
4785,-500.0
4786,-400.0
4787,-300.0
4788,-200.0
4789,-100.0
4790,0.0
4791,100.0
4792,200.0
4793,300.0
4794,400.0
4795,500.0
4796,400.0
4797,300.0
4798,200.0
4799,100.0
4800,0.0
4801,-100.0
4802,-200.0
4803,-300.0
4804,-400.0
4805,-500.0
4806,-400.0
4807,-300.0
4808,-200.0
4809,-100.0
4810,0.0
4811,100.0
4812,200.0
4813,300.0
4814,400.0
4815,500.0
4816,400.0
4817,300.0
4818,200.0
4819,100.0
4820,0.0
4821,100.0
4822,200.0
4823,300.0
4824,400.0
4825,500.0
4826,400.0
4827,300.0
4828,200.0
4829,100.0
4830,0.0
4831,-100.0
4832,-200.0
4833,-300.0
4834,-400.0
4835,-500.0
4836,-400.0
4837,-300.0
4838,-200.0
4839,-100.0
4840,0.0
4841,-100.0
4842,-200.0
4843,-300.0
4844,-400.0
4845,-500.0
4846,-400.0
4847,-300.0
4848,-200.0
4849,-100.0
4850,0.0
4851,100.0
4852,200.0
4853,300.0
4854,400.0
4855,500.0
4856,400.0
4857,300.0
4858,200.0
4859,100.0
4860,0.0
4861,100.0
4862,200.0
4863,300.0
4864,400.0
4865,500.0
4866,400.0
4867,300.0
4868,200.0
4869,100.0
4870,0.0
4871,-100.0
4872,-200.0
4873,-300.0
4874,-400.0
4875,-500.0
4876,-400.0
4877,-300.0
4878,-200.0
4879,-100.0
4880,0.0
4881,100.0
4882,200.0
4883,300.0
4884,400.0
4885,500.0
4886,400.0
4887,300.0
4888,200.0
4889,100.0
4890,0.0
4891,100.0
4892,200.0
4893,300.0
4894,400.0
4895,500.0
4896,400.0
4897,300.0
4898,200.0
4899,100.0
4900,0.0
4901,100.0
4902,200.0
4903,300.0
4904,400.0
4905,500.0
4906,400.0
4907,300.0
4908,200.0
4909,100.0
4910,0.0
4911,100.0
4912,200.0
4913,300.0
4914,400.0
4915,500.0
4916,400.0
4917,300.0
4918,200.0
4919,100.0
4920,0.0
4921,100.0
4922,200.0
4923,300.0
4924,400.0
4925,500.0
4926,400.0
4927,300.0
4928,200.0
4929,100.0
4930,0.0
4931,-100.0
4932,-200.0
4933,-300.0
4934,-400.0
4935,-500.0
4936,-400.0
4937,-300.0
4938,-200.0
4939,-100.0
4940,0.0
4941,100.0
4942,200.0
4943,300.0
4944,400.0
4945,500.0
4946,400.0
4947,300.0
4948,200.0
4949,100.0
4950,0.0
4951,100.0
4952,200.0
4953,300.0
4954,400.0
4955,500.0
4956,400.0
4957,300.0
4958,200.0
4959,100.0
4960,0.0
4961,100.0
4962,200.0
4963,300.0
4964,400.0
4965,500.0
4966,400.0
4967,300.0
4968,200.0
4969,100.0
4970,0.0
4971,-100.0
4972,-200.0
4973,-300.0
4974,-400.0
4975,-500.0
4976,-400.0
4977,-300.0
4978,-200.0
4979,-100.0
4980,0.0
4981,-100.0
4982,-200.0
4983,-300.0
4984,-400.0
4985,-500.0
4986,-400.0
4987,-300.0
4988,-200.0
4989,-100.0
4990,0.0
4991,100.0
4992,200.0
4993,300.0
4994,400.0
4995,500.0
4996,400.0
4997,300.0
4998,200.0
4999,100.0
5000,0.0
5001,-100.0
5002,-200.0
5003,-300.0
5004,-400.0
5005,-500.0
5006,-400.0
5007,-300.0
5008,-200.0
5009,-100.0
5010,0.0
5011,-100.0
5012,-200.0
5013,-300.0
5014,-400.0
5015,-500.0
5016,-400.0
5017,-300.0
5018,-200.0
5019,-100.0
5020,0.0
5021,-100.0
5022,-200.0
5023,-300.0
5024,-400.0
5025,-500.0
5026,-400.0
5027,-300.0
5028,-200.0
5029,-100.0
5030,0.0
5031,100.0
5032,200.0
5033,300.0
5034,400.0
5035,500.0
5036,400.0
5037,300.0
5038,200.0
5039,100.0
5040,0.0
5041,-100.0
5042,-200.0
5043,-300.0
5044,-400.0
5045,-500.0
5046,-400.0
5047,-300.0
5048,-200.0
5049,-100.0
5050,0.0
5051,-100.0
5052,-200.0
5053,-300.0
5054,-400.0
5055,-500.0
5056,-400.0
5057,-300.0
5058,-200.0
5059,-100.0
5060,0.0
5061,-100.0
5062,-200.0
5063,-300.0
5064,-400.0
5065,-500.0
5066,-400.0
5067,-300.0
5068,-200.0
5069,-100.0
5070,0.0
5071,100.0
5072,200.0
5073,300.0
5074,400.0
5075,500.0
5076,400.0
5077,300.0
5078,200.0
5079,100.0
5080,0.0
5081,-100.0
5082,-200.0
5083,-300.0
5084,-400.0
5085,-500.0
5086,-400.0
5087,-300.0
5088,-200.0
5089,-100.0
5090,0.0
5091,100.0
5092,200.0
5093,300.0
5094,400.0
5095,500.0
5096,400.0
5097,300.0
5098,200.0
5099,100.0
5100,0.0
5101,100.0
5102,200.0
5103,300.0
5104,400.0
5105,500.0
5106,400.0
5107,300.0
5108,200.0
5109,100.0
5110,0.0
5111,100.0
5112,200.0
5113,300.0
5114,400.0
5115,500.0
5116,400.0
5117,300.0
5118,200.0
5119,100.0
5120,0.0
5121,-100.0
5122,-200.0
5123,-300.0
5124,-400.0
5125,-500.0
5126,-400.0
5127,-300.0
5128,-200.0
5129,-100.0
5130,0.0
5131,-100.0
5132,-200.0
5133,-300.0
5134,-400.0
5135,-500.0
5136,-400.0
5137,-300.0
5138,-200.0
5139,-100.0
5140,0.0
5141,-100.0
5142,-200.0
5143,-300.0
5144,-400.0
5145,-500.0
5146,-400.0
5147,-300.0
5148,-200.0
5149,-100.0
5150,0.0
5151,-100.0
5152,-200.0
5153,-300.0
5154,-400.0
5155,-500.0
5156,-400.0
5157,-300.0
5158,-200.0
5159,-100.0
5160,0.0
5161,100.0
5162,200.0
5163,300.0
5164,400.0
5165,500.0
5166,400.0
5167,300.0
5168,200.0
5169,100.0
5170,0.0
5171,100.0
5172,200.0
5173,300.0
5174,400.0
5175,500.0
5176,400.0
5177,300.0
5178,200.0
5179,100.0
5180,0.0
5181,-100.0
5182,-200.0
5183,-300.0
5184,-400.0
5185,-500.0
5186,-400.0
5187,-300.0
5188,-200.0
5189,-100.0
5190,0.0
5191,100.0
5192,200.0
5193,300.0
5194,400.0
5195,500.0
5196,400.0
5197,300.0
5198,200.0
5199,100.0
5200,0.0
5201,100.0
5202,200.0
5203,300.0
5204,400.0
5205,500.0
5206,400.0
5207,300.0
5208,200.0
5209,100.0
5210,0.0
5211,-100.0
5212,-200.0
5213,-300.0
5214,-400.0
5215,-500.0
5216,-400.0
5217,-300.0
5218,-200.0
5219,-100.0
5220,0.0
5221,100.0
5222,200.0
5223,300.0
5224,400.0
5225,500.0
5226,400.0
5227,300.0
5228,200.0
5229,100.0
5230,0.0
5231,100.0
5232,200.0
5233,300.0
5234,400.0
5235,500.0
5236,400.0
5237,300.0
5238,200.0
5239,100.0
5240,0.0
5241,100.0
5242,200.0
5243,300.0
5244,400.0
5245,500.0
5246,400.0
5247,300.0
5248,200.0
5249,100.0
5250,0.0
5251,-100.0
5252,-200.0
5253,-300.0
5254,-400.0
5255,-500.0
5256,-400.0
5257,-300.0
5258,-200.0
5259,-100.0
5260,0.0
5261,100.0
5262,200.0
5263,300.0
5264,400.0
5265,500.0
5266,400.0
5267,300.0
5268,200.0
5269,100.0
5270,0.0
5271,100.0
5272,200.0
5273,300.0
5274,400.0
5275,500.0
5276,400.0
5277,300.0
5278,200.0
5279,100.0
5280,0.0
5281,100.0
5282,200.0
5283,300.0
5284,400.0
5285,500.0
5286,400.0
5287,300.0
5288,200.0
5289,100.0
5290,0.0
5291,100.0
5292,200.0
5293,300.0
5294,400.0
5295,500.0
5296,400.0
5297,300.0
5298,200.0
5299,100.0
5300,0.0
5301,-100.0
5302,-200.0
5303,-300.0
5304,-400.0
5305,-500.0
5306,-400.0
5307,-300.0
5308,-200.0
5309,-100.0
5310,0.0
5311,100.0
5312,200.0
5313,300.0
5314,400.0
5315,500.0
5316,400.0
5317,300.0
5318,200.0
5319,100.0
5320,0.0
5321,-100.0
5322,-200.0
5323,-300.0
5324,-400.0
5325,-500.0
5326,-400.0
5327,-300.0
5328,-200.0
5329,-100.0
5330,0.0
5331,-100.0
5332,-200.0
5333,-300.0
5334,-400.0
5335,-500.0
5336,-400.0
5337,-300.0
5338,-200.0
5339,-100.0
5340,0.0
5341,-100.0
5342,-200.0
5343,-300.0
5344,-400.0
5345,-500.0
5346,-400.0
5347,-300.0
5348,-200.0
5349,-100.0
5350,0.0
5351,-100.0
5352,-200.0
5353,-300.0
5354,-400.0
5355,-500.0
5356,-400.0
5357,-300.0
5358,-200.0
5359,-100.0
5360,0.0
5361,100.0
5362,200.0
5363,300.0
5364,400.0
5365,500.0
5366,400.0
5367,300.0
5368,200.0
5369,100.0
5370,0.0
5371,100.0
5372,200.0
5373,300.0
5374,400.0
5375,500.0
5376,400.0
5377,300.0
5378,200.0
5379,100.0
5380,0.0
5381,-100.0
5382,-200.0
5383,-300.0
5384,-400.0
5385,-500.0
5386,-400.0
5387,-300.0
5388,-200.0
5389,-100.0
5390,0.0
5391,100.0
5392,200.0
5393,300.0
5394,400.0
5395,500.0
5396,400.0
5397,300.0
5398,200.0
5399,100.0
5400,0.0
5401,100.0
5402,200.0
5403,300.0
5404,400.0
5405,500.0
5406,400.0
5407,300.0
5408,200.0
5409,100.0
5410,0.0
5411,-100.0
5412,-200.0
5413,-300.0
5414,-400.0
5415,-500.0
5416,-400.0
5417,-300.0
5418,-200.0
5419,-100.0
5420,0.0
5421,100.0
5422,200.0
5423,300.0
5424,400.0
5425,500.0
5426,400.0
5427,300.0
5428,200.0
5429,100.0
5430,0.0
5431,-100.0
5432,-200.0
5433,-300.0
5434,-400.0
5435,-500.0
5436,-400.0
5437,-300.0
5438,-200.0
5439,-100.0
5440,0.0
5441,-100.0
5442,-200.0
5443,-300.0
5444,-400.0
5445,-500.0
5446,-400.0
5447,-300.0
5448,-200.0
5449,-100.0
5450,0.0
5451,100.0
5452,200.0
5453,300.0
5454,400.0
5455,500.0
5456,400.0
5457,300.0
5458,200.0
5459,100.0
5460,0.0
5461,-100.0
5462,-200.0
5463,-300.0
5464,-400.0
5465,-500.0
5466,-400.0
5467,-300.0
5468,-200.0
5469,-100.0
5470,0.0
5471,-100.0
5472,-200.0
5473,-300.0
5474,-400.0
5475,-500.0
5476,-400.0
5477,-300.0
5478,-200.0
5479,-100.0
5480,0.0
5481,-100.0
5482,-200.0
5483,-300.0
5484,-400.0
5485,-500.0
5486,-400.0
5487,-300.0
5488,-200.0
5489,-100.0
5490,0.0
5491,100.0
5492,200.0
5493,300.0
5494,400.0
5495,500.0
5496,400.0
5497,300.0
5498,200.0
5499,100.0
5500,0.0
5501,100.0
5502,200.0
5503,300.0
5504,400.0
5505,500.0
5506,400.0
5507,300.0
5508,200.0
5509,100.0
5510,0.0
5511,100.0
5512,200.0
5513,300.0
5514,400.0
5515,500.0
5516,400.0
5517,300.0
5518,200.0
5519,100.0
5520,0.0
5521,100.0
5522,200.0
5523,300.0
5524,400.0
5525,500.0
5526,400.0
5527,300.0
5528,200.0
5529,100.0
5530,0.0
5531,-100.0
5532,-200.0
5533,-300.0
5534,-400.0
5535,-500.0
5536,-400.0
5537,-300.0
5538,-200.0
5539,-100.0
5540,0.0
5541,-100.0
5542,-200.0
5543,-300.0
5544,-400.0
5545,-500.0
5546,-400.0
5547,-300.0
5548,-200.0
5549,-100.0
5550,0.0
5551,-100.0
5552,-200.0
5553,-300.0
5554,-400.0
5555,-500.0
5556,-400.0
5557,-300.0
5558,-200.0
5559,-100.0
5560,0.0
5561,-100.0
5562,-200.0
5563,-300.0
5564,-400.0
5565,-500.0
5566,-400.0
5567,-300.0
5568,-200.0
5569,-100.0
5570,0.0
5571,-100.0
5572,-200.0
5573,-300.0
5574,-400.0
5575,-500.0
5576,-400.0
5577,-300.0
5578,-200.0
5579,-100.0
5580,0.0
5581,100.0
5582,200.0
5583,300.0
5584,400.0
5585,500.0
5586,400.0
5587,300.0
5588,200.0
5589,100.0
5590,0.0
5591,-100.0
5592,-200.0
5593,-300.0
5594,-400.0
5595,-500.0
5596,-400.0
5597,-300.0
5598,-200.0
5599,-100.0
5600,0.0
5601,-100.0
5602,-200.0
5603,-300.0
5604,-400.0
5605,-500.0
5606,-400.0
5607,-300.0
5608,-200.0
5609,-100.0
5610,0.0
5611,-100.0
5612,-200.0
5613,-300.0
5614,-400.0
5615,-500.0
5616,-400.0
5617,-300.0
5618,-200.0
5619,-100.0
5620,0.0
5621,100.0
5622,200.0
5623,300.0
5624,400.0
5625,500.0
5626,400.0
5627,300.0
5628,200.0
5629,100.0
5630,0.0
5631,-100.0
5632,-200.0
5633,-300.0
5634,-400.0
5635,-500.0
5636,-400.0
5637,-300.0
5638,-200.0
5639,-100.0
5640,0.0
5641,-100.0
5642,-200.0
5643,-300.0
5644,-400.0
5645,-500.0
5646,-400.0
5647,-300.0
5648,-200.0
5649,-100.0
5650,0.0
5651,-100.0
5652,-200.0
5653,-300.0
5654,-400.0
5655,-500.0
5656,-400.0
5657,-300.0
5658,-200.0
5659,-100.0
5660,0.0
5661,-100.0
5662,-200.0
5663,-300.0
5664,-400.0
5665,-500.0
5666,-400.0
5667,-300.0
5668,-200.0
5669,-100.0
5670,0.0
5671,-100.0
5672,-200.0
5673,-300.0
5674,-400.0
5675,-500.0
5676,-400.0
5677,-300.0
5678,-200.0
5679,-100.0
5680,0.0
5681,100.0
5682,200.0
5683,300.0
5684,400.0
5685,500.0
5686,400.0
5687,300.0
5688,200.0
5689,100.0
5690,0.0
5691,100.0
5692,200.0
5693,300.0
5694,400.0
5695,500.0
5696,400.0
5697,300.0
5698,200.0
5699,100.0
5700,0.0
5701,-100.0
5702,-200.0
5703,-300.0
5704,-400.0
5705,-500.0
5706,-400.0
5707,-300.0
5708,-200.0
5709,-100.0
5710,0.0
5711,100.0
5712,200.0
5713,300.0
5714,400.0
5715,500.0
5716,400.0
5717,300.0
5718,200.0
5719,100.0
5720,0.0
5721,-100.0
5722,-200.0
5723,-300.0
5724,-400.0
5725,-500.0
5726,-400.0
5727,-300.0
5728,-200.0
5729,-100.0
5730,0.0
5731,-100.0
5732,-200.0
5733,-300.0
5734,-400.0
5735,-500.0
5736,-400.0
5737,-300.0
5738,-200.0
5739,-100.0
5740,0.0
5741,-100.0
5742,-200.0
5743,-300.0
5744,-400.0
5745,-500.0
5746,-400.0
5747,-300.0
5748,-200.0
5749,-100.0
5750,0.0
5751,100.0
5752,200.0
5753,300.0
5754,400.0
5755,500.0
5756,400.0
5757,300.0
5758,200.0
5759,100.0
5760,0.0
5761,-100.0
5762,-200.0
5763,-300.0
5764,-400.0
5765,-500.0
5766,-400.0
5767,-300.0
5768,-200.0
5769,-100.0
5770,0.0
5771,-100.0
5772,-200.0
5773,-300.0
5774,-400.0
5775,-500.0
5776,-400.0
5777,-300.0
5778,-200.0
5779,-100.0
5780,0.0
5781,-100.0
5782,-200.0
5783,-300.0
5784,-400.0
5785,-500.0
5786,-400.0
5787,-300.0
5788,-200.0
5789,-100.0
5790,0.0
5791,-100.0
5792,-200.0
5793,-300.0
5794,-400.0
5795,-500.0
5796,-400.0
5797,-300.0
5798,-200.0
5799,-100.0
5800,0.0
5801,-100.0
5802,-200.0
5803,-300.0
5804,-400.0
5805,-500.0
5806,-400.0
5807,-300.0
5808,-200.0
5809,-100.0
5810,0.0
5811,100.0
5812,200.0
5813,300.0
5814,400.0
5815,500.0
5816,400.0
5817,300.0
5818,200.0
5819,100.0
5820,0.0
5821,100.0
5822,200.0
5823,300.0
5824,400.0
5825,500.0
5826,400.0
5827,300.0
5828,200.0
5829,100.0
5830,0.0
5831,100.0
5832,200.0
5833,300.0
5834,400.0
5835,500.0
5836,400.0
5837,300.0
5838,200.0
5839,100.0
5840,0.0
5841,100.0
5842,200.0
5843,300.0
5844,400.0
5845,500.0
5846,400.0
5847,300.0
5848,200.0
5849,100.0
5850,0.0
5851,-100.0
5852,-200.0
5853,-300.0
5854,-400.0
5855,-500.0
5856,-400.0
5857,-300.0
5858,-200.0
5859,-100.0
5860,0.0
5861,100.0
5862,200.0
5863,300.0
5864,400.0
5865,500.0
5866,400.0
5867,300.0
5868,200.0
5869,100.0
5870,0.0
5871,100.0
5872,200.0
5873,300.0
5874,400.0
5875,500.0
5876,400.0
5877,300.0
5878,200.0
5879,100.0
5880,0.0
5881,100.0
5882,200.0
5883,300.0
5884,400.0
5885,500.0
5886,400.0
5887,300.0
5888,200.0
5889,100.0
5890,0.0
5891,100.0
5892,200.0
5893,300.0
5894,400.0
5895,500.0
5896,400.0
5897,300.0
5898,200.0
5899,100.0
5900,0.0
5901,100.0
5902,200.0
5903,300.0
5904,400.0
5905,500.0
5906,400.0
5907,300.0
5908,200.0
5909,100.0
5910,0.0
5911,100.0
5912,200.0
5913,300.0
5914,400.0
5915,500.0
5916,400.0
5917,300.0
5918,200.0
5919,100.0
5920,0.0
5921,100.0
5922,200.0
5923,300.0
5924,400.0
5925,500.0
5926,400.0
5927,300.0
5928,200.0
5929,100.0
5930,0.0
5931,-100.0
5932,-200.0
5933,-300.0
5934,-400.0
5935,-500.0
5936,-400.0
5937,-300.0
5938,-200.0
5939,-100.0
5940,0.0
5941,100.0
5942,200.0
5943,300.0
5944,400.0
5945,500.0
5946,400.0
5947,300.0
5948,200.0
5949,100.0
5950,0.0
5951,100.0
5952,200.0
5953,300.0
5954,400.0
5955,500.0
5956,400.0
5957,300.0
5958,200.0
5959,100.0
5960,0.0
5961,100.0
5962,200.0
5963,300.0
5964,400.0
5965,500.0
5966,400.0
5967,300.0
5968,200.0
5969,100.0
5970,0.0
5971,100.0
5972,200.0
5973,300.0
5974,400.0
5975,500.0
5976,400.0
5977,300.0
5978,200.0
5979,100.0
5980,0.0
5981,100.0
5982,200.0
5983,300.0
5984,400.0
5985,500.0
5986,400.0
5987,300.0
5988,200.0
5989,100.0
5990,0.0
5991,-100.0
5992,-200.0
5993,-300.0
5994,-400.0
5995,-500.0
5996,-400.0
5997,-300.0
5998,-200.0
5999,-100.0
6000,0.0
